cod_caen;clasa_caen;sectiune;diviziune_cod;diviziune;grupa_cod;grupa
0111;Cultivarea cerealelor (excluzând orezul), plantelor leguminoase şi a plantelor oleaginoase;SECŢIUNEA A - AGRICULTURĂ, SILVICULTURĂ ŞI PESCUIT;01;Agricultură, vânătoare şi servicii anexe;011;Cultivarea plantelor nepermanente
0112;Cultivarea orezului;SECŢIUNEA A - AGRICULTURĂ, SILVICULTURĂ ŞI PESCUIT;01;Agricultură, vânătoare şi servicii anexe;011;Cultivarea plantelor nepermanente
0113;Cultivarea legumelor şi a pepenilor, a rădăcinoaselor şi tuberculiferelor;SECŢIUNEA A - AGRICULTURĂ, SILVICULTURĂ ŞI PESCUIT;01;Agricultură, vânătoare şi servicii anexe;011;Cultivarea plantelor nepermanente
0114;Cultivarea trestiei de zahăr;SECŢIUNEA A - AGRICULTURĂ, SILVICULTURĂ ŞI PESCUIT;01;Agricultură, vânătoare şi servicii anexe;011;Cultivarea plantelor nepermanente
0115;Cultivarea tutunului;SECŢIUNEA A - AGRICULTURĂ, SILVICULTURĂ ŞI PESCUIT;01;Agricultură, vânătoare şi servicii anexe;011;Cultivarea plantelor nepermanente
0116;Cultivarea plantelor pentru fibre textile;SECŢIUNEA A - AGRICULTURĂ, SILVICULTURĂ ŞI PESCUIT;01;Agricultură, vânătoare şi servicii anexe;011;Cultivarea plantelor nepermanente
0119;Cultivarea altor plante din culturi nepermanente;SECŢIUNEA A - AGRICULTURĂ, SILVICULTURĂ ŞI PESCUIT;01;Agricultură, vânătoare şi servicii anexe;011;Cultivarea plantelor nepermanente
0121;Cultivarea strugurilor;SECŢIUNEA A - AGRICULTURĂ, SILVICULTURĂ ŞI PESCUIT;01;Agricultură, vânătoare şi servicii anexe;012;Cultivarea plantelor din culturi permanente
0122;Cultivarea fructelor tropicale şi subtropicale;SECŢIUNEA A - AGRICULTURĂ, SILVICULTURĂ ŞI PESCUIT;01;Agricultură, vânătoare şi servicii anexe;012;Cultivarea plantelor din culturi permanente
0123;Cultivarea fructelor citrice;SECŢIUNEA A - AGRICULTURĂ, SILVICULTURĂ ŞI PESCUIT;01;Agricultură, vânătoare şi servicii anexe;012;Cultivarea plantelor din culturi permanente
0124;Cultivarea fructelor seminţoase şi sâmburoase;SECŢIUNEA A - AGRICULTURĂ, SILVICULTURĂ ŞI PESCUIT;01;Agricultură, vânătoare şi servicii anexe;012;Cultivarea plantelor din culturi permanente
0125;Cultivarea altor pomi fructiferi, a arbuştilor fructiferi, căpşunilor şi a nuciferelor;SECŢIUNEA A - AGRICULTURĂ, SILVICULTURĂ ŞI PESCUIT;01;Agricultură, vânătoare şi servicii anexe;012;Cultivarea plantelor din culturi permanente
0126;Cultivarea fructelor oleaginoase;SECŢIUNEA A - AGRICULTURĂ, SILVICULTURĂ ŞI PESCUIT;01;Agricultură, vânătoare şi servicii anexe;012;Cultivarea plantelor din culturi permanente
0127;Cultivarea plantelor pentru prepararea băuturilor;SECŢIUNEA A - AGRICULTURĂ, SILVICULTURĂ ŞI PESCUIT;01;Agricultură, vânătoare şi servicii anexe;012;Cultivarea plantelor din culturi permanente
0128;Cultivarea condimentelor, plantelor aromatice, medicinale şi a plantelor de uz farmaceutic;SECŢIUNEA A - AGRICULTURĂ, SILVICULTURĂ ŞI PESCUIT;01;Agricultură, vânătoare şi servicii anexe;012;Cultivarea plantelor din culturi permanente
0129;Cultivarea altor plante permanente;SECŢIUNEA A - AGRICULTURĂ, SILVICULTURĂ ŞI PESCUIT;01;Agricultură, vânătoare şi servicii anexe;012;Cultivarea plantelor din culturi permanente
0130;Cultivarea plantelor pentru înmulţire;SECŢIUNEA A - AGRICULTURĂ, SILVICULTURĂ ŞI PESCUIT;01;Agricultură, vânătoare şi servicii anexe;013;Cultivarea plantelor pentru înmulţire
0141;Creşterea bovinelor de lapte;SECŢIUNEA A - AGRICULTURĂ, SILVICULTURĂ ŞI PESCUIT;01;Agricultură, vânătoare şi servicii anexe;014;Creşterea animalelor
0142;Creşterea altor bovine;SECŢIUNEA A - AGRICULTURĂ, SILVICULTURĂ ŞI PESCUIT;01;Agricultură, vânătoare şi servicii anexe;014;Creşterea animalelor
0143;Creşterea cailor şi a altor cabaline;SECŢIUNEA A - AGRICULTURĂ, SILVICULTURĂ ŞI PESCUIT;01;Agricultură, vânătoare şi servicii anexe;014;Creşterea animalelor
0144;Creşterea cămilelor şi a camelidelor;SECŢIUNEA A - AGRICULTURĂ, SILVICULTURĂ ŞI PESCUIT;01;Agricultură, vânătoare şi servicii anexe;014;Creşterea animalelor
0145;Creşterea ovinelor şi caprinelor;SECŢIUNEA A - AGRICULTURĂ, SILVICULTURĂ ŞI PESCUIT;01;Agricultură, vânătoare şi servicii anexe;014;Creşterea animalelor
0146;Creşterea porcinelor;SECŢIUNEA A - AGRICULTURĂ, SILVICULTURĂ ŞI PESCUIT;01;Agricultură, vânătoare şi servicii anexe;014;Creşterea animalelor
0147;Creşterea păsărilor;SECŢIUNEA A - AGRICULTURĂ, SILVICULTURĂ ŞI PESCUIT;01;Agricultură, vânătoare şi servicii anexe;014;Creşterea animalelor
0148;Creşterea altor animale;SECŢIUNEA A - AGRICULTURĂ, SILVICULTURĂ ŞI PESCUIT;01;Agricultură, vânătoare şi servicii anexe;014;Creşterea animalelor
0150;Activităţi în ferme mixte (cultura vegetală combinată cu creşterea animalelor);SECŢIUNEA A - AGRICULTURĂ, SILVICULTURĂ ŞI PESCUIT;01;Agricultură, vânătoare şi servicii anexe;015;Activităţi în ferme mixte (cultura vegetală combinată cu creşterea animalelor)
0161;Activităţi auxiliare pentru producţia vegetală;SECŢIUNEA A - AGRICULTURĂ, SILVICULTURĂ ŞI PESCUIT;01;Agricultură, vânătoare şi servicii anexe;016;Activităţi auxiliare agriculturii şi activităţi după recoltare
0162;Activităţi auxiliare pentru creşterea animalelor;SECŢIUNEA A - AGRICULTURĂ, SILVICULTURĂ ŞI PESCUIT;01;Agricultură, vânătoare şi servicii anexe;016;Activităţi auxiliare agriculturii şi activităţi după recoltare
0163;Activităţi după recoltare și pregătirea semințelor;SECŢIUNEA A - AGRICULTURĂ, SILVICULTURĂ ŞI PESCUIT;01;Agricultură, vânătoare şi servicii anexe;016;Activităţi auxiliare agriculturii şi activităţi după recoltare
0170;Vânătoare, capturarea cu capcane a vânatului şi activităţi de servicii anexe vânătorii;SECŢIUNEA A - AGRICULTURĂ, SILVICULTURĂ ŞI PESCUIT;01;Agricultură, vânătoare şi servicii anexe;017;Vânătoare, capturarea cu capcane a vânatului şi activităţi de servicii anexe vânătorii
0210;Silvicultură şi alte activităţi forestiere;SECŢIUNEA A - AGRICULTURĂ, SILVICULTURĂ ŞI PESCUIT;02;Silvicultură şi exploatare forestieră;021;Silvicultură şi alte activităţi forestiere
0220;Exploatarea forestieră;SECŢIUNEA A - AGRICULTURĂ, SILVICULTURĂ ŞI PESCUIT;02;Silvicultură şi exploatare forestieră;022;Exploatarea forestieră
0230;Colectarea produselor forestiere nelemnoase din flora spontană;SECŢIUNEA A - AGRICULTURĂ, SILVICULTURĂ ŞI PESCUIT;02;Silvicultură şi exploatare forestieră;023;Colectarea produselor forestiere nelemnoase din flora spontană
0240;Activităţi de servicii anexe silviculturii;SECŢIUNEA A - AGRICULTURĂ, SILVICULTURĂ ŞI PESCUIT;02;Silvicultură şi exploatare forestieră;024;Activităţi de servicii anexe silviculturii
0311;Pescuitul maritim;SECŢIUNEA A - AGRICULTURĂ, SILVICULTURĂ ŞI PESCUIT;03;Pescuitul şi acvacultura;031;Pescuitul
0312;Pescuitul în ape dulci;SECŢIUNEA A - AGRICULTURĂ, SILVICULTURĂ ŞI PESCUIT;03;Pescuitul şi acvacultura;031;Pescuitul
0321;Acvacultura maritimă;SECŢIUNEA A - AGRICULTURĂ, SILVICULTURĂ ŞI PESCUIT;03;Pescuitul şi acvacultura;032;Acvacultura
0322;Acvacultura în ape dulci;SECŢIUNEA A - AGRICULTURĂ, SILVICULTURĂ ŞI PESCUIT;03;Pescuitul şi acvacultura;032;Acvacultura
0330;Activităţi anexe pescuitului şi acvaculturii;SECŢIUNEA A - AGRICULTURĂ, SILVICULTURĂ ŞI PESCUIT;03;Pescuitul şi acvacultura;033;Activităţi anexe pescuitului şi acvaculturii
0510;Extracţia cărbunelui superior (PCS=>23865 kJ/kg);SECŢIUNEA B - INDUSTRIA EXTRACTIVĂ;05;Extracţia cărbunelui superior şi inferior;051;Extracţia cărbunelui superior (PCS=>23865 kJ/kg)
0520;Extracţia cărbunelui inferior (PCS<23865 kJ/kg);SECŢIUNEA B - INDUSTRIA EXTRACTIVĂ;05;Extracţia cărbunelui superior şi inferior;052;Extracţia cărbunelui inferior (PCS<23865 kJ/kg)
0610;Extracţia petrolului brut;SECŢIUNEA B - INDUSTRIA EXTRACTIVĂ;06;Extracţia petrolului brut şi a gazelor naturale;061;Extracţia petrolului brut
0620;Extracţia gazelor naturale;SECŢIUNEA B - INDUSTRIA EXTRACTIVĂ;06;Extracţia petrolului brut şi a gazelor naturale;062;Extracţia gazelor naturale
0710;Extracţia minereurilor feroase;SECŢIUNEA B - INDUSTRIA EXTRACTIVĂ;07;Extracţia minereurilor metalifere;071;Extracţia minereurilor feroase
0721;Extracţia minereurilor de uraniu şi toriu;SECŢIUNEA B - INDUSTRIA EXTRACTIVĂ;07;Extracţia minereurilor metalifere;072;Extracţia minereurilor metalifere neferoase
0729;Extracţia altor minereuri metalifere neferoase;SECŢIUNEA B - INDUSTRIA EXTRACTIVĂ;07;Extracţia minereurilor metalifere;072;Extracţia minereurilor metalifere neferoase
0811;Extracţia pietrei ornamentale şi a pietrei pentru construcţii, extracţia pietrei calcaroase, ghipsului, cretei şi a ardeziei;SECŢIUNEA B - INDUSTRIA EXTRACTIVĂ;08;Alte activităţi extractive;081;Extracţia pietrei, nisipului şi argilei
0812;"Extracţia pietrişului şi nisipului; extracţia argilei şi caolinului";SECŢIUNEA B - INDUSTRIA EXTRACTIVĂ;08;Alte activităţi extractive;081;Extracţia pietrei, nisipului şi argilei
0891;Extracţia mineralelor pentru industria chimică şi a îngrăşămintelor naturale;SECŢIUNEA B - INDUSTRIA EXTRACTIVĂ;08;Alte activităţi extractive;089;Alte activităţi extractive n.c.a.
0892;Extracţia turbei;SECŢIUNEA B - INDUSTRIA EXTRACTIVĂ;08;Alte activităţi extractive;089;Alte activităţi extractive n.c.a.
0893;Extracţia sării;SECŢIUNEA B - INDUSTRIA EXTRACTIVĂ;08;Alte activităţi extractive;089;Alte activităţi extractive n.c.a.
0899;Alte activităţi extractive n.c.a.;SECŢIUNEA B - INDUSTRIA EXTRACTIVĂ;08;Alte activităţi extractive;089;Alte activităţi extractive n.c.a.
0910;Activităţi de servicii anexe extracţiei petrolului brut şi gazelor naturale;SECŢIUNEA B - INDUSTRIA EXTRACTIVĂ;09;Activităţi de servicii anexe extracţiei;091;Activităţi de servicii anexe extracţiei petrolului brut şi gazelor naturale
0990;Activităţi de servicii anexe pentru extracţia mineralelor;SECŢIUNEA B - INDUSTRIA EXTRACTIVĂ;09;Activităţi de servicii anexe extracţiei;099;Activităţi de servicii anexe pentru extracţia mineralelor
1011;Prelucrarea şi conservarea cărnii;SECŢIUNEA C - INDUSTRIA PRELUCRĂTOARE;10;Industria alimentară;101;Producţia, prelucrarea şi conservarea cărnii şi a produselor din carne
1012;Prelucrarea şi conservarea cărnii de pasăre;SECŢIUNEA C - INDUSTRIA PRELUCRĂTOARE;10;Industria alimentară;101;Producţia, prelucrarea şi conservarea cărnii şi a produselor din carne
1013;Fabricarea produselor din carne (inclusiv din carne de pasăre);SECŢIUNEA C - INDUSTRIA PRELUCRĂTOARE;10;Industria alimentară;101;Producţia, prelucrarea şi conservarea cărnii şi a produselor din carne
1020;Prelucrarea şi conservarea peştelui, crustaceelor şi moluştelor;SECŢIUNEA C - INDUSTRIA PRELUCRĂTOARE;10;Industria alimentară;102;Prelucrarea şi conservarea peştelui, crustaceelor şi moluştelor
1031;Prelucrarea şi conservarea cartofilor;SECŢIUNEA C - INDUSTRIA PRELUCRĂTOARE;10;Industria alimentară;103;Prelucrarea şi conservarea fructelor şi legumelor
1032;Fabricarea sucurilor de fructe şi legume;SECŢIUNEA C - INDUSTRIA PRELUCRĂTOARE;10;Industria alimentară;103;Prelucrarea şi conservarea fructelor şi legumelor
1039;Prelucrarea şi conservarea fructelor şi legumelor n.c.a.;SECŢIUNEA C - INDUSTRIA PRELUCRĂTOARE;10;Industria alimentară;103;Prelucrarea şi conservarea fructelor şi legumelor
1041;Fabricarea uleiurilor şi grăsimilor;SECŢIUNEA C - INDUSTRIA PRELUCRĂTOARE;10;Industria alimentară;104;Fabricarea uleiurilor şi a grăsimilor vegetale şi animale
1042;Fabricarea margarinei şi a altor produse comestibile similare;SECŢIUNEA C - INDUSTRIA PRELUCRĂTOARE;10;Industria alimentară;104;Fabricarea uleiurilor şi a grăsimilor vegetale şi animale
1051;Fabricarea produselor lactate şi a brânzeturilor;SECŢIUNEA C - INDUSTRIA PRELUCRĂTOARE;10;Industria alimentară;105;Fabricarea produselor lactate
1052;Fabricarea îngheţatei;SECŢIUNEA C - INDUSTRIA PRELUCRĂTOARE;10;Industria alimentară;105;Fabricarea produselor lactate
1061;Fabricarea produselor de morărit;SECŢIUNEA C - INDUSTRIA PRELUCRĂTOARE;10;Industria alimentară;106;Fabricarea produselor de morărit, a amidonului şi produselor din amidon
1062;Fabricarea amidonului şi a produselor din amidon;SECŢIUNEA C - INDUSTRIA PRELUCRĂTOARE;10;Industria alimentară;106;Fabricarea produselor de morărit, a amidonului şi produselor din amidon
1071;"Fabricarea pâinii; fabricarea prăjiturilor şi a produselor proaspete de patiserie";SECŢIUNEA C - INDUSTRIA PRELUCRĂTOARE;10;Industria alimentară;107;Fabricarea produselor de brutărie şi a produselor făinoase
1072;"Fabricarea biscuiţilor şi pişcoturilor; fabricarea prăjiturilor şi a produselor conservate de patiserie";SECŢIUNEA C - INDUSTRIA PRELUCRĂTOARE;10;Industria alimentară;107;Fabricarea produselor de brutărie şi a produselor făinoase
1073;Fabricarea macaroanelor, tăiţeilor, cuş-cuş-ului şi a altor produse făinoase similar;SECŢIUNEA C - INDUSTRIA PRELUCRĂTOARE;10;Industria alimentară;107;Fabricarea produselor de brutărie şi a produselor făinoase
1081;Fabricarea zahărului;SECŢIUNEA C - INDUSTRIA PRELUCRĂTOARE;10;Industria alimentară;108;Fabricarea altor produse alimentare
1082;Fabricarea produselor din cacao, a ciocolatei şi a produselor zaharoase;SECŢIUNEA C - INDUSTRIA PRELUCRĂTOARE;10;Industria alimentară;108;Fabricarea altor produse alimentare
1083;Prelucrarea ceaiului şi cafelei;SECŢIUNEA C - INDUSTRIA PRELUCRĂTOARE;10;Industria alimentară;108;Fabricarea altor produse alimentare
1084;Fabricarea condimentelor şi ingredientelor;SECŢIUNEA C - INDUSTRIA PRELUCRĂTOARE;10;Industria alimentară;108;Fabricarea altor produse alimentare
1085;Fabricarea de mâncărururi preparate;SECŢIUNEA C - INDUSTRIA PRELUCRĂTOARE;10;Industria alimentară;108;Fabricarea altor produse alimentare
1086;Fabricarea preparatelor alimentare omogenizate şi alimentelor dietetice;SECŢIUNEA C - INDUSTRIA PRELUCRĂTOARE;10;Industria alimentară;108;Fabricarea altor produse alimentare
1089;Fabricarea altor produse alimentare n.c.a.;SECŢIUNEA C - INDUSTRIA PRELUCRĂTOARE;10;Industria alimentară;108;Fabricarea altor produse alimentare
1091;Fabricarea preparatelor pentru hrana animalelor de fermă;SECŢIUNEA C - INDUSTRIA PRELUCRĂTOARE;10;Industria alimentară;109;Fabricarea preparatelor pentru hrana animalelor
1092;Fabricarea preparatelor pentru hrana animalelor de companie;SECŢIUNEA C - INDUSTRIA PRELUCRĂTOARE;10;Industria alimentară;109;Fabricarea preparatelor pentru hrana animalelor
1101;Distilarea, rafinarea şi mixarea băuturilor alcoolice;SECŢIUNEA C - INDUSTRIA PRELUCRĂTOARE;11;Fabricarea băuturilor;110;Fabricarea băuturilor
1102;Fabricarea vinurilor din struguri;SECŢIUNEA C - INDUSTRIA PRELUCRĂTOARE;11;Fabricarea băuturilor;110;Fabricarea băuturilor
1103;Fabricarea cidrului şi a altor vinuri din fructe;SECŢIUNEA C - INDUSTRIA PRELUCRĂTOARE;11;Fabricarea băuturilor;110;Fabricarea băuturilor
1104;Fabricarea altor băuturi nedistilate, obţinute prin fermentare;SECŢIUNEA C - INDUSTRIA PRELUCRĂTOARE;11;Fabricarea băuturilor;110;Fabricarea băuturilor
1105;Fabricarea berii;SECŢIUNEA C - INDUSTRIA PRELUCRĂTOARE;11;Fabricarea băuturilor;110;Fabricarea băuturilor
1106;Fabricarea malţului;SECŢIUNEA C - INDUSTRIA PRELUCRĂTOARE;11;Fabricarea băuturilor;110;Fabricarea băuturilor
1107;"Producţia de băuturi răcoritoare nealcoolice; producţia de ape minerale şi alte ape îmbuteliate";SECŢIUNEA C - INDUSTRIA PRELUCRĂTOARE;11;Fabricarea băuturilor;110;Fabricarea băuturilor
1200;Fabricarea produselor din tutun;SECŢIUNEA C - INDUSTRIA PRELUCRĂTOARE;12;Fabricarea produselor din tutun;120;Fabricarea produselor din tutun
1310;Pregătirea fibrelor şi filarea fibrelor textile;SECŢIUNEA C - INDUSTRIA PRELUCRĂTOARE;13;Fabricarea produselor textile;131;Pregătirea fibrelor şi filarea fibrelor textile
1320;Producţia de ţesături;SECŢIUNEA C - INDUSTRIA PRELUCRĂTOARE;13;Fabricarea produselor textile;132;Producţia de ţesături
1330;Finisarea materialelor textile;SECŢIUNEA C - INDUSTRIA PRELUCRĂTOARE;13;Fabricarea produselor textile;133;Finisarea materialelor textile
1391;Fabricarea de metraje prin tricotare sau croşetare;SECŢIUNEA C - INDUSTRIA PRELUCRĂTOARE;13;Fabricarea produselor textile;139;Fabricarea altor articole textile
1392;Fabricarea de articole confecționate din textile (excluzând îmbrăcămintea și lenjeria de corp);SECŢIUNEA C - INDUSTRIA PRELUCRĂTOARE;13;Fabricarea produselor textile;139;Fabricarea altor articole textile
1393;Fabricarea de covoare şi mochete;SECŢIUNEA C - INDUSTRIA PRELUCRĂTOARE;13;Fabricarea produselor textile;139;Fabricarea altor articole textile
1394;Fabricarea de odgoane, frânghii, sfori şi plase;SECŢIUNEA C - INDUSTRIA PRELUCRĂTOARE;13;Fabricarea produselor textile;139;Fabricarea altor articole textile
1395;Fabricarea de textile neţesute şi articole din acestea, cu excepţia confecţiilor de îmbrăcăminte;SECŢIUNEA C - INDUSTRIA PRELUCRĂTOARE;13;Fabricarea produselor textile;139;Fabricarea altor articole textile
1396;Fabricarea de articole tehnice şi industriale din textile;SECŢIUNEA C - INDUSTRIA PRELUCRĂTOARE;13;Fabricarea produselor textile;139;Fabricarea altor articole textile
1399;Fabricarea altor articole textile n.c.a.;SECŢIUNEA C - INDUSTRIA PRELUCRĂTOARE;13;Fabricarea produselor textile;139;Fabricarea altor articole textile
1410;Fabricarea articolelor de îmbrăcăminte prin tricotare sau croşetare;SECŢIUNEA C - INDUSTRIA PRELUCRĂTOARE;14;Fabricarea articolelor de îmbrăcăminte;141;Fabricarea articolelor de îmbrăcăminte prin tricotare sau croşetare
1421;Fabricarea articolelor de îmbrăcăminte;SECŢIUNEA C - INDUSTRIA PRELUCRĂTOARE;14;Fabricarea articolelor de îmbrăcăminte;142;Fabricarea altor articole de îmbrăcăminte și accesorii
1422;Fabricarea de articole de lenjerie de corp;SECŢIUNEA C - INDUSTRIA PRELUCRĂTOARE;14;Fabricarea articolelor de îmbrăcăminte;142;Fabricarea altor articole de îmbrăcăminte și accesorii
1423;Fabricarea de articole de îmbrăcăminte pentru lucru;SECŢIUNEA C - INDUSTRIA PRELUCRĂTOARE;14;Fabricarea articolelor de îmbrăcăminte;142;Fabricarea altor articole de îmbrăcăminte și accesorii
1424;Fabricarea articolelor de îmbrăcăminte din piele și blană;SECŢIUNEA C - INDUSTRIA PRELUCRĂTOARE;14;Fabricarea articolelor de îmbrăcăminte;142;Fabricarea altor articole de îmbrăcăminte și accesorii
1429;Fabricarea altor articole de îmbrăcăminte şi accesorii n.c.a.;SECŢIUNEA C - INDUSTRIA PRELUCRĂTOARE;14;Fabricarea articolelor de îmbrăcăminte;142;Fabricarea altor articole de îmbrăcăminte și accesorii
1511;"Tăbăcirea şi finisarea pieilor; prepararea şi vopsirea blănurilor";SECŢIUNEA C - INDUSTRIA PRELUCRĂTOARE;15;"Tăbăcirea şi finisarea pieilor; fabricarea articolelor de voiaj şi marochinărie, harnaşamentelor şi încălţămintei; prepararea şi vopsirea blănurilor";151;"Tăbăcirea şi finisarea pieilor; fabricarea articolelor de voiaj şi marochinărie şi a articolelor de harnaşament; prepararea şi vopsirea blănurilor"
1512;Fabricarea articolelor de voiaj şi marochinărie şi a articolelor de harnaşament;SECŢIUNEA C - INDUSTRIA PRELUCRĂTOARE;15;"Tăbăcirea şi finisarea pieilor; fabricarea articolelor de voiaj şi marochinărie, harnaşamentelor şi încălţămintei; prepararea şi vopsirea blănurilor";151;"Tăbăcirea şi finisarea pieilor; fabricarea articolelor de voiaj şi marochinărie şi a articolelor de harnaşament; prepararea şi vopsirea blănurilor"
1520;Fabricarea încălţămintei;SECŢIUNEA C - INDUSTRIA PRELUCRĂTOARE;15;"Tăbăcirea şi finisarea pieilor; fabricarea articolelor de voiaj şi marochinărie, harnaşamentelor şi încălţămintei; prepararea şi vopsirea blănurilor";152;Fabricarea încălţămintei
1611;Tăierea şi rindeluirea lemnului;SECŢIUNEA C - INDUSTRIA PRELUCRĂTOARE;16;"Prelucrarea lemnului, fabricarea produselor din lemn şi plută, cu excepţia mobilei; fabricarea articolelor din paie şi din alte materiale vegetale împletite";161;Tăierea şi rindeluirea lemnului
1612;Prelucrarea și finisarea lemnului;SECŢIUNEA C - INDUSTRIA PRELUCRĂTOARE;16;"Prelucrarea lemnului, fabricarea produselor din lemn şi plută, cu excepţia mobilei; fabricarea articolelor din paie şi din alte materiale vegetale împletite";161;Tăierea şi rindeluirea lemnului
1621;Fabricarea de furnire şi a panourilor din lemn;SECŢIUNEA C - INDUSTRIA PRELUCRĂTOARE;16;"Prelucrarea lemnului, fabricarea produselor din lemn şi plută, cu excepţia mobilei; fabricarea articolelor din paie şi din alte materiale vegetale împletite";162;Fabricarea produselor din lemn, plută, paie şi din alte materiale vegetale
1622;Fabricarea parchetului asamblat în panouri;SECŢIUNEA C - INDUSTRIA PRELUCRĂTOARE;16;"Prelucrarea lemnului, fabricarea produselor din lemn şi plută, cu excepţia mobilei; fabricarea articolelor din paie şi din alte materiale vegetale împletite";162;Fabricarea produselor din lemn, plută, paie şi din alte materiale vegetale
1623;Fabricarea altor elemente de dulgherie şi tâmplărie, pentru construcţii;SECŢIUNEA C - INDUSTRIA PRELUCRĂTOARE;16;"Prelucrarea lemnului, fabricarea produselor din lemn şi plută, cu excepţia mobilei; fabricarea articolelor din paie şi din alte materiale vegetale împletite";162;Fabricarea produselor din lemn, plută, paie şi din alte materiale vegetale
1624;Fabricarea ambalajelor din lemn;SECŢIUNEA C - INDUSTRIA PRELUCRĂTOARE;16;"Prelucrarea lemnului, fabricarea produselor din lemn şi plută, cu excepţia mobilei; fabricarea articolelor din paie şi din alte materiale vegetale împletite";162;Fabricarea produselor din lemn, plută, paie şi din alte materiale vegetale
1625;Fabricarea de uși și ferestre din lemn;SECŢIUNEA C - INDUSTRIA PRELUCRĂTOARE;16;"Prelucrarea lemnului, fabricarea produselor din lemn şi plută, cu excepţia mobilei; fabricarea articolelor din paie şi din alte materiale vegetale împletite";162;Fabricarea produselor din lemn, plută, paie şi din alte materiale vegetale
1626;Fabricarea de combustibili solizi din biomasă vegetală;SECŢIUNEA C - INDUSTRIA PRELUCRĂTOARE;16;"Prelucrarea lemnului, fabricarea produselor din lemn şi plută, cu excepţia mobilei; fabricarea articolelor din paie şi din alte materiale vegetale împletite";162;Fabricarea produselor din lemn, plută, paie şi din alte materiale vegetale
1627;Finisarea articolelor din lemn;SECŢIUNEA C - INDUSTRIA PRELUCRĂTOARE;16;"Prelucrarea lemnului, fabricarea produselor din lemn şi plută, cu excepţia mobilei; fabricarea articolelor din paie şi din alte materiale vegetale împletite";162;Fabricarea produselor din lemn, plută, paie şi din alte materiale vegetale
1628;"Fabricarea altor produse din lemn; fabricarea articolelor din plută, paie şi din alte materiale vegetale împletite";SECŢIUNEA C - INDUSTRIA PRELUCRĂTOARE;16;"Prelucrarea lemnului, fabricarea produselor din lemn şi plută, cu excepţia mobilei; fabricarea articolelor din paie şi din alte materiale vegetale împletite";162;Fabricarea produselor din lemn, plută, paie şi din alte materiale vegetale
1711;Fabricarea celulozei;SECŢIUNEA C - INDUSTRIA PRELUCRĂTOARE;17;Fabricarea hârtiei şi a produselor din hârtie;171;Fabricarea celulozei, hârtiei şi cartonului
1712;Fabricarea hârtiei şi cartonului;SECŢIUNEA C - INDUSTRIA PRELUCRĂTOARE;17;Fabricarea hârtiei şi a produselor din hârtie;171;Fabricarea celulozei, hârtiei şi cartonului
1721;Fabricarea hârtiei şi cartonului ondulat şi a ambalajelor din hârtie şi carton;SECŢIUNEA C - INDUSTRIA PRELUCRĂTOARE;17;Fabricarea hârtiei şi a produselor din hârtie;172;Fabricarea articolelor din hârtie şi carton
1722;Fabricarea produselor de uz gospodăresc şi sanitar, din hârtie sau carton;SECŢIUNEA C - INDUSTRIA PRELUCRĂTOARE;17;Fabricarea hârtiei şi a produselor din hârtie;172;Fabricarea articolelor din hârtie şi carton
1723;Fabricarea articolelor de papetărie;SECŢIUNEA C - INDUSTRIA PRELUCRĂTOARE;17;Fabricarea hârtiei şi a produselor din hârtie;172;Fabricarea articolelor din hârtie şi carton
1724;Fabricarea tapetului;SECŢIUNEA C - INDUSTRIA PRELUCRĂTOARE;17;Fabricarea hârtiei şi a produselor din hârtie;172;Fabricarea articolelor din hârtie şi carton
1725;Fabricarea altor articole din hârtie şi carton n.c.a.;SECŢIUNEA C - INDUSTRIA PRELUCRĂTOARE;17;Fabricarea hârtiei şi a produselor din hârtie;172;Fabricarea articolelor din hârtie şi carton
1811;Tipărirea ziarelor;SECŢIUNEA C - INDUSTRIA PRELUCRĂTOARE;18;Tipărire şi reproducerea pe suporţi a înregistrărilor;181;Tipărire şi activităţi de servicii conexe tipăririi
1812;Alte activităţi de tipărire n.c.a.;SECŢIUNEA C - INDUSTRIA PRELUCRĂTOARE;18;Tipărire şi reproducerea pe suporţi a înregistrărilor;181;Tipărire şi activităţi de servicii conexe tipăririi
1813;Servicii pregătitoare pentru pretipărire;SECŢIUNEA C - INDUSTRIA PRELUCRĂTOARE;18;Tipărire şi reproducerea pe suporţi a înregistrărilor;181;Tipărire şi activităţi de servicii conexe tipăririi
1814;Legătorie şi servicii conexe;SECŢIUNEA C - INDUSTRIA PRELUCRĂTOARE;18;Tipărire şi reproducerea pe suporţi a înregistrărilor;181;Tipărire şi activităţi de servicii conexe tipăririi
1820;Reproducerea înregistrărilor;SECŢIUNEA C - INDUSTRIA PRELUCRĂTOARE;18;Tipărire şi reproducerea pe suporţi a înregistrărilor;182;Reproducerea înregistrărilor
1910;Fabricarea produselor de cocserie;SECŢIUNEA C - INDUSTRIA PRELUCRĂTOARE;19;Fabricarea produselor de cocserie şi a produselor obţinute din prelucrarea ţiţeiului;191;Fabricarea produselor de cocserie
1920;Fabricarea produselor obţinute din prelucrarea ţiţeiului;SECŢIUNEA C - INDUSTRIA PRELUCRĂTOARE;19;Fabricarea produselor de cocserie şi a produselor obţinute din prelucrarea ţiţeiului;192;Fabricarea produselor obţinute din prelucrarea ţiţeiului
2011;Fabricarea gazelor industriale;SECŢIUNEA C - INDUSTRIA PRELUCRĂTOARE;20;Fabricarea substanţelor şi a produselor chimice;201;"Fabricarea produselor chimice de bază, a îngrăşămintelor şi produselor azotoase; fabricarea materialelor plastice şi a cauciucului sintetic, în forme primare"
2012;Fabricarea coloranţilor şi a pigmenţilor;SECŢIUNEA C - INDUSTRIA PRELUCRĂTOARE;20;Fabricarea substanţelor şi a produselor chimice;201;"Fabricarea produselor chimice de bază, a îngrăşămintelor şi produselor azotoase; fabricarea materialelor plastice şi a cauciucului sintetic, în forme primare"
2013;Fabricarea altor produse chimice anorganice, de bază;SECŢIUNEA C - INDUSTRIA PRELUCRĂTOARE;20;Fabricarea substanţelor şi a produselor chimice;201;"Fabricarea produselor chimice de bază, a îngrăşămintelor şi produselor azotoase; fabricarea materialelor plastice şi a cauciucului sintetic, în forme primare"
2014;Fabricarea altor produse chimice organice, de bază;SECŢIUNEA C - INDUSTRIA PRELUCRĂTOARE;20;Fabricarea substanţelor şi a produselor chimice;201;"Fabricarea produselor chimice de bază, a îngrăşămintelor şi produselor azotoase; fabricarea materialelor plastice şi a cauciucului sintetic, în forme primare"
2015;Fabricarea îngrăşămintelor şi produselor azotoase;SECŢIUNEA C - INDUSTRIA PRELUCRĂTOARE;20;Fabricarea substanţelor şi a produselor chimice;201;"Fabricarea produselor chimice de bază, a îngrăşămintelor şi produselor azotoase; fabricarea materialelor plastice şi a cauciucului sintetic, în forme primare"
2016;Fabricarea materialelor plastice în forme primare;SECŢIUNEA C - INDUSTRIA PRELUCRĂTOARE;20;Fabricarea substanţelor şi a produselor chimice;201;"Fabricarea produselor chimice de bază, a îngrăşămintelor şi produselor azotoase; fabricarea materialelor plastice şi a cauciucului sintetic, în forme primare"
2017;Fabricarea cauciucului sintetic în forme primare;SECŢIUNEA C - INDUSTRIA PRELUCRĂTOARE;20;Fabricarea substanţelor şi a produselor chimice;201;"Fabricarea produselor chimice de bază, a îngrăşămintelor şi produselor azotoase; fabricarea materialelor plastice şi a cauciucului sintetic, în forme primare"
2020;Fabricarea pesticidelor şi a altor produse agrochimice;SECŢIUNEA C - INDUSTRIA PRELUCRĂTOARE;20;Fabricarea substanţelor şi a produselor chimice;202;Fabricarea pesticidelor şi a altor produse agrochimice
2030;Fabricarea vopselelor, lacurilor, cernelii tipografice şi masticurilor;SECŢIUNEA C - INDUSTRIA PRELUCRĂTOARE;20;Fabricarea substanţelor şi a produselor chimice;203;Fabricarea vopselelor, lacurilor, cernelii tipografice şi masticurilor
2041;Fabricarea săpunurilor, detergenţilor şi a produselor de întreţinere;SECŢIUNEA C - INDUSTRIA PRELUCRĂTOARE;20;Fabricarea substanţelor şi a produselor chimice;204;Fabricarea săpunurilor, detergenţilor şi a produselor de întreţinere, cosmetice şi de parfumerie
2042;Fabricarea parfumurilor şi a produselor cosmetice (de toaletă);SECŢIUNEA C - INDUSTRIA PRELUCRĂTOARE;20;Fabricarea substanţelor şi a produselor chimice;204;Fabricarea săpunurilor, detergenţilor şi a produselor de întreţinere, cosmetice şi de parfumerie
2051;Fabricarea biocombustibililor lichizi;SECŢIUNEA C - INDUSTRIA PRELUCRĂTOARE;20;Fabricarea substanţelor şi a produselor chimice;205;Fabricarea altor produse chimice
2059;Fabricarea altor produse chimice n.c.a.;SECŢIUNEA C - INDUSTRIA PRELUCRĂTOARE;20;Fabricarea substanţelor şi a produselor chimice;205;Fabricarea altor produse chimice
2060;Fabricarea fibrelor sintetice şi artificiale;SECŢIUNEA C - INDUSTRIA PRELUCRĂTOARE;20;Fabricarea substanţelor şi a produselor chimice;206;Fabricarea fibrelor sintetice şi artificiale
2110;Fabricarea produselor farmaceutice de bază;SECŢIUNEA C - INDUSTRIA PRELUCRĂTOARE;21;Fabricarea produselor farmaceutice de bază şi a preparatelor farmaceutice;211;Fabricarea produselor farmaceutice de bază
2120;Fabricarea preparatelor farmaceutice;SECŢIUNEA C - INDUSTRIA PRELUCRĂTOARE;21;Fabricarea produselor farmaceutice de bază şi a preparatelor farmaceutice;212;Fabricarea preparatelor farmaceutice
2211;"Fabricarea anvelopelor şi a camerelor de aer; reşaparea şi refacerea anvelopelor";SECŢIUNEA C - INDUSTRIA PRELUCRĂTOARE;22;Fabricarea produselor din cauciuc şi mase plastice;221;Fabricarea articolelor din cauciuc
2212;Fabricarea altor produse din cauciuc;SECŢIUNEA C - INDUSTRIA PRELUCRĂTOARE;22;Fabricarea produselor din cauciuc şi mase plastice;221;Fabricarea articolelor din cauciuc
2221;Fabricarea plăcilor, foliilor, tuburilor şi profilelor din material plastic;SECŢIUNEA C - INDUSTRIA PRELUCRĂTOARE;22;Fabricarea produselor din cauciuc şi mase plastice;222;Fabricarea articolelor din material plastic
2222;Fabricarea articolelor de ambalaj din material plastic;SECŢIUNEA C - INDUSTRIA PRELUCRĂTOARE;22;Fabricarea produselor din cauciuc şi mase plastice;222;Fabricarea articolelor din material plastic
2223;Fabricarea de uși și ferestre din material plastic;SECŢIUNEA C - INDUSTRIA PRELUCRĂTOARE;22;Fabricarea produselor din cauciuc şi mase plastice;222;Fabricarea articolelor din material plastic
2224;Fabricarea articolelor din material plastic pentru construcţii;SECŢIUNEA C - INDUSTRIA PRELUCRĂTOARE;22;Fabricarea produselor din cauciuc şi mase plastice;222;Fabricarea articolelor din material plastic
2225;Prelucrarea și finisarea articolelor din material plastic;SECŢIUNEA C - INDUSTRIA PRELUCRĂTOARE;22;Fabricarea produselor din cauciuc şi mase plastice;222;Fabricarea articolelor din material plastic
2226;Fabricarea altor produse din material plastic;SECŢIUNEA C - INDUSTRIA PRELUCRĂTOARE;22;Fabricarea produselor din cauciuc şi mase plastice;222;Fabricarea articolelor din material plastic
2311;Fabricarea sticlei plate;SECŢIUNEA C - INDUSTRIA PRELUCRĂTOARE;23;Fabricarea altor produse din minerale nemetalice;231;Fabricarea sticlei şi a articolelor din sticlă
2312;Prelucrarea şi fasonarea sticlei plate;SECŢIUNEA C - INDUSTRIA PRELUCRĂTOARE;23;Fabricarea altor produse din minerale nemetalice;231;Fabricarea sticlei şi a articolelor din sticlă
2313;Fabricarea articolelor din sticlă;SECŢIUNEA C - INDUSTRIA PRELUCRĂTOARE;23;Fabricarea altor produse din minerale nemetalice;231;Fabricarea sticlei şi a articolelor din sticlă
2314;Fabricarea fibrelor din sticlă;SECŢIUNEA C - INDUSTRIA PRELUCRĂTOARE;23;Fabricarea altor produse din minerale nemetalice;231;Fabricarea sticlei şi a articolelor din sticlă
2315;Fabricarea de sticlărie tehnică;SECŢIUNEA C - INDUSTRIA PRELUCRĂTOARE;23;Fabricarea altor produse din minerale nemetalice;231;Fabricarea sticlei şi a articolelor din sticlă
2320;Fabricarea de produse refractare;SECŢIUNEA C - INDUSTRIA PRELUCRĂTOARE;23;Fabricarea altor produse din minerale nemetalice;232;Fabricarea de produse refractare
2331;Fabricarea plăcilor şi dalelor din ceramică;SECŢIUNEA C - INDUSTRIA PRELUCRĂTOARE;23;Fabricarea altor produse din minerale nemetalice;233;Fabricarea materialelelor de construcţii din argilă
2332;Fabricarea cărămizilor, ţiglelor şi altor produse pentru construcţii, din argilă arsă;SECŢIUNEA C - INDUSTRIA PRELUCRĂTOARE;23;Fabricarea altor produse din minerale nemetalice;233;Fabricarea materialelelor de construcţii din argilă
2341;Fabricarea articolelor ceramice pentru uz gospodăresc şi ornamental;SECŢIUNEA C - INDUSTRIA PRELUCRĂTOARE;23;Fabricarea altor produse din minerale nemetalice;234;Fabricarea altor articole din ceramică şi porţelan
2342;Fabricarea de obiecte sanitare din ceramică;SECŢIUNEA C - INDUSTRIA PRELUCRĂTOARE;23;Fabricarea altor produse din minerale nemetalice;234;Fabricarea altor articole din ceramică şi porţelan
2343;Fabricarea izolatorilor şi pieselor izolante din ceramică;SECŢIUNEA C - INDUSTRIA PRELUCRĂTOARE;23;Fabricarea altor produse din minerale nemetalice;234;Fabricarea altor articole din ceramică şi porţelan
2344;Fabricarea altor produse tehnice din ceramică;SECŢIUNEA C - INDUSTRIA PRELUCRĂTOARE;23;Fabricarea altor produse din minerale nemetalice;234;Fabricarea altor articole din ceramică şi porţelan
2345;Fabricarea altor produse ceramice n.c.a.;SECŢIUNEA C - INDUSTRIA PRELUCRĂTOARE;23;Fabricarea altor produse din minerale nemetalice;234;Fabricarea altor articole din ceramică şi porţelan
2351;Fabricarea cimentului;SECŢIUNEA C - INDUSTRIA PRELUCRĂTOARE;23;Fabricarea altor produse din minerale nemetalice;235;Fabricarea cimentului, varului şi ipsosului
2352;Fabricarea varului şi ipsosului;SECŢIUNEA C - INDUSTRIA PRELUCRĂTOARE;23;Fabricarea altor produse din minerale nemetalice;235;Fabricarea cimentului, varului şi ipsosului
2361;Fabricarea produselor din beton pentru construcţii;SECŢIUNEA C - INDUSTRIA PRELUCRĂTOARE;23;Fabricarea altor produse din minerale nemetalice;236;Fabricarea articolelor din beton, ciment şi ipsos
2362;Fabricarea produselor din ipsos pentru construcţii;SECŢIUNEA C - INDUSTRIA PRELUCRĂTOARE;23;Fabricarea altor produse din minerale nemetalice;236;Fabricarea articolelor din beton, ciment şi ipsos
2363;Fabricarea betonului;SECŢIUNEA C - INDUSTRIA PRELUCRĂTOARE;23;Fabricarea altor produse din minerale nemetalice;236;Fabricarea articolelor din beton, ciment şi ipsos
2364;Fabricarea mortarului;SECŢIUNEA C - INDUSTRIA PRELUCRĂTOARE;23;Fabricarea altor produse din minerale nemetalice;236;Fabricarea articolelor din beton, ciment şi ipsos
2365;Fabricarea produselor din azbociment;SECŢIUNEA C - INDUSTRIA PRELUCRĂTOARE;23;Fabricarea altor produse din minerale nemetalice;236;Fabricarea articolelor din beton, ciment şi ipsos
2366;Fabricarea altor articole din beton, ciment şi ipsos;SECŢIUNEA C - INDUSTRIA PRELUCRĂTOARE;23;Fabricarea altor produse din minerale nemetalice;236;Fabricarea articolelor din beton, ciment şi ipsos
2370;Tăierea, fasonarea şi finisarea pietrei;SECŢIUNEA C - INDUSTRIA PRELUCRĂTOARE;23;Fabricarea altor produse din minerale nemetalice;237;Tăierea, fasonarea şi finisarea pietrei
2391;Fabricarea de produse abrazive;SECŢIUNEA C - INDUSTRIA PRELUCRĂTOARE;23;Fabricarea altor produse din minerale nemetalice;239;Fabricarea produselor abrazive şi a altor produse din minerale nemetalice n.c.a.
2399;Fabricarea altor produse din minerale nemetalice, n.c.a.;SECŢIUNEA C - INDUSTRIA PRELUCRĂTOARE;23;Fabricarea altor produse din minerale nemetalice;239;Fabricarea produselor abrazive şi a altor produse din minerale nemetalice n.c.a.
2410;Producţia de metale feroase sub forme primare şi de feroaliaje;SECŢIUNEA C - INDUSTRIA PRELUCRĂTOARE;24;Industria metalurgică;241;Producţia de metale feroase sub forme primare şi de feroaliaje
2420;Producţia de tuburi, ţevi, profile tubulare şi accesorii pentru acestea, din oţel;SECŢIUNEA C - INDUSTRIA PRELUCRĂTOARE;24;Industria metalurgică;242;Producţia de tuburi, ţevi, profile tubulare şi accesorii pentru acestea, din oţel
2431;Tragere la rece a barelor;SECŢIUNEA C - INDUSTRIA PRELUCRĂTOARE;24;Industria metalurgică;243;Fabricarea altor produse prin prelucrarea primară a oţelului
2432;Laminare la rece a benzilor înguste;SECŢIUNEA C - INDUSTRIA PRELUCRĂTOARE;24;Industria metalurgică;243;Fabricarea altor produse prin prelucrarea primară a oţelului
2433;Producţia de profile obţinute la rece;SECŢIUNEA C - INDUSTRIA PRELUCRĂTOARE;24;Industria metalurgică;243;Fabricarea altor produse prin prelucrarea primară a oţelului
2434;Trefilarea firelor la rece;SECŢIUNEA C - INDUSTRIA PRELUCRĂTOARE;24;Industria metalurgică;243;Fabricarea altor produse prin prelucrarea primară a oţelului
2441;Producţia metalelor preţioase;SECŢIUNEA C - INDUSTRIA PRELUCRĂTOARE;24;Industria metalurgică;244;Producţia metalelor preţioase şi a altor metale neferoase
2442;Metalurgia aluminiului;SECŢIUNEA C - INDUSTRIA PRELUCRĂTOARE;24;Industria metalurgică;244;Producţia metalelor preţioase şi a altor metale neferoase
2443;Producţia plumbului, zincului şi cositorului;SECŢIUNEA C - INDUSTRIA PRELUCRĂTOARE;24;Industria metalurgică;244;Producţia metalelor preţioase şi a altor metale neferoase
2444;Metalurgia cuprului;SECŢIUNEA C - INDUSTRIA PRELUCRĂTOARE;24;Industria metalurgică;244;Producţia metalelor preţioase şi a altor metale neferoase
2445;Producţia altor metale neferoase;SECŢIUNEA C - INDUSTRIA PRELUCRĂTOARE;24;Industria metalurgică;244;Producţia metalelor preţioase şi a altor metale neferoase
2446;Prelucrarea combustibililor nucleari;SECŢIUNEA C - INDUSTRIA PRELUCRĂTOARE;24;Industria metalurgică;244;Producţia metalelor preţioase şi a altor metale neferoase
2451;Turnarea fontei;SECŢIUNEA C - INDUSTRIA PRELUCRĂTOARE;24;Industria metalurgică;245;Turnarea metalelor
2452;Turnarea oţelului;SECŢIUNEA C - INDUSTRIA PRELUCRĂTOARE;24;Industria metalurgică;245;Turnarea metalelor
2453;Turnarea metalelor neferoase uşoare;SECŢIUNEA C - INDUSTRIA PRELUCRĂTOARE;24;Industria metalurgică;245;Turnarea metalelor
2454;Turnarea altor metale neferoase;SECŢIUNEA C - INDUSTRIA PRELUCRĂTOARE;24;Industria metalurgică;245;Turnarea metalelor
2511;Fabricarea de construcţii metalice şi părţi componente ale structurilor metalice;SECŢIUNEA C - INDUSTRIA PRELUCRĂTOARE;25;Industria construcţiilor metalice şi a produselor din metal, exclusiv maşini, utilaje şi instalaţii;251;Fabricarea de construcţii metalice
2512;Fabricarea de uşi şi ferestre din metal;SECŢIUNEA C - INDUSTRIA PRELUCRĂTOARE;25;Industria construcţiilor metalice şi a produselor din metal, exclusiv maşini, utilaje şi instalaţii;251;Fabricarea de construcţii metalice
2521;"Producţia de radiatoare şi cazane pentru încălzire central; producția de generatoare de abur și boilere";SECŢIUNEA C - INDUSTRIA PRELUCRĂTOARE;25;Industria construcţiilor metalice şi a produselor din metal, exclusiv maşini, utilaje şi instalaţii;252;"Producţia de rezervoare, cisterne şi containere metalice; producţia de radiatoare şi cazane pentru încălzire centrală"
2522;Producţia de rezervoare, cisterne şi containere metalice;SECŢIUNEA C - INDUSTRIA PRELUCRĂTOARE;25;Industria construcţiilor metalice şi a produselor din metal, exclusiv maşini, utilaje şi instalaţii;252;"Producţia de rezervoare, cisterne şi containere metalice; producţia de radiatoare şi cazane pentru încălzire centrală"
2530;Fabricarea armamentului şi muniţiei;SECŢIUNEA C - INDUSTRIA PRELUCRĂTOARE;25;Industria construcţiilor metalice şi a produselor din metal, exclusiv maşini, utilaje şi instalaţii;253;Fabricarea armamentului şi muniţiei
2540;"Fabricarea produselor metalice obţinute prin deformare plastică; metalurgia pulberilor";SECŢIUNEA C - INDUSTRIA PRELUCRĂTOARE;25;Industria construcţiilor metalice şi a produselor din metal, exclusiv maşini, utilaje şi instalaţii;254;"Fabricarea produselor metalice obţinute prin deformare plastică; metalurgia pulberilor"
2551;Acoperirea metalelor;SECŢIUNEA C - INDUSTRIA PRELUCRĂTOARE;25;Industria construcţiilor metalice şi a produselor din metal, exclusiv maşini, utilaje şi instalaţii;255;"Tratarea şi acoperirea metalelor; operaţiuni de mecanică generală pe bază de plată sau contract"
2552;Tratamente termice ale metalelor;SECŢIUNEA C - INDUSTRIA PRELUCRĂTOARE;25;Industria construcţiilor metalice şi a produselor din metal, exclusiv maşini, utilaje şi instalaţii;255;"Tratarea şi acoperirea metalelor; operaţiuni de mecanică generală pe bază de plată sau contract"
2553;Operaţiuni de mecanică generală;SECŢIUNEA C - INDUSTRIA PRELUCRĂTOARE;25;Industria construcţiilor metalice şi a produselor din metal, exclusiv maşini, utilaje şi instalaţii;255;"Tratarea şi acoperirea metalelor; operaţiuni de mecanică generală pe bază de plată sau contract"
2561;Fabricarea produselor de tăiat;SECŢIUNEA C - INDUSTRIA PRELUCRĂTOARE;25;Industria construcţiilor metalice şi a produselor din metal, exclusiv maşini, utilaje şi instalaţii;256;Producţia de unelte şi articole de fierărie
2562;Fabricarea articolelor de feronerie;SECŢIUNEA C - INDUSTRIA PRELUCRĂTOARE;25;Industria construcţiilor metalice şi a produselor din metal, exclusiv maşini, utilaje şi instalaţii;256;Producţia de unelte şi articole de fierărie
2563;Fabricarea uneltelor;SECŢIUNEA C - INDUSTRIA PRELUCRĂTOARE;25;Industria construcţiilor metalice şi a produselor din metal, exclusiv maşini, utilaje şi instalaţii;256;Producţia de unelte şi articole de fierărie
2591;Fabricarea de recipienţi, containere şi alte produse similare din oţel;SECŢIUNEA C - INDUSTRIA PRELUCRĂTOARE;25;Industria construcţiilor metalice şi a produselor din metal, exclusiv maşini, utilaje şi instalaţii;259;Fabricarea altor produse prelucrate din metal
2592;Fabricarea ambalajelor metalice uşoare;SECŢIUNEA C - INDUSTRIA PRELUCRĂTOARE;25;Industria construcţiilor metalice şi a produselor din metal, exclusiv maşini, utilaje şi instalaţii;259;Fabricarea altor produse prelucrate din metal
2593;"Fabricarea articolelor din fire metalice; fabricarea de lanţuri şi arcuri";SECŢIUNEA C - INDUSTRIA PRELUCRĂTOARE;25;Industria construcţiilor metalice şi a produselor din metal, exclusiv maşini, utilaje şi instalaţii;259;Fabricarea altor produse prelucrate din metal
2594;"Fabricarea de şuruburi, buloane şi alte articole filetate; fabricarea de nituri şi şaibe";SECŢIUNEA C - INDUSTRIA PRELUCRĂTOARE;25;Industria construcţiilor metalice şi a produselor din metal, exclusiv maşini, utilaje şi instalaţii;259;Fabricarea altor produse prelucrate din metal
2599;Fabricarea altor articole din metal n.c.a.;SECŢIUNEA C - INDUSTRIA PRELUCRĂTOARE;25;Industria construcţiilor metalice şi a produselor din metal, exclusiv maşini, utilaje şi instalaţii;259;Fabricarea altor produse prelucrate din metal
2611;Fabricarea componentelor electronice;SECŢIUNEA C - INDUSTRIA PRELUCRĂTOARE;26;Fabricarea calculatoarelor şi a produselor electronice şi optice;261;Fabricarea componentelor electronice
2612;Fabricarea subansamblurilor electronice (module);SECŢIUNEA C - INDUSTRIA PRELUCRĂTOARE;26;Fabricarea calculatoarelor şi a produselor electronice şi optice;261;Fabricarea componentelor electronice
2620;Fabricarea calculatoarelor şi a echipamentelor periferice;SECŢIUNEA C - INDUSTRIA PRELUCRĂTOARE;26;Fabricarea calculatoarelor şi a produselor electronice şi optice;262;Fabricarea calculatoarelor şi a echipamentelor periferice
2630;Fabricarea echipamentelor de comunicaţii;SECŢIUNEA C - INDUSTRIA PRELUCRĂTOARE;26;Fabricarea calculatoarelor şi a produselor electronice şi optice;263;Fabricarea echipamentelor de comunicaţii
2640;Fabricarea produselor electronice de larg consum;SECŢIUNEA C - INDUSTRIA PRELUCRĂTOARE;26;Fabricarea calculatoarelor şi a produselor electronice şi optice;264;Fabricarea produselor electronice de larg consum
2651;Fabricarea de instrumente şi dispozitive pentru măsură, verificare, control, navigaţie;SECŢIUNEA C - INDUSTRIA PRELUCRĂTOARE;26;Fabricarea calculatoarelor şi a produselor electronice şi optice;265;"Fabricarea de echipamente de măsură, verificare, control şi navigaţie; producţia de ceasuri"
2652;Producţia de ceasuri;SECŢIUNEA C - INDUSTRIA PRELUCRĂTOARE;26;Fabricarea calculatoarelor şi a produselor electronice şi optice;265;"Fabricarea de echipamente de măsură, verificare, control şi navigaţie; producţia de ceasuri"
2660;Fabricarea de echipamente pentru radiologie, electrodiagnostic şi electroterapie;SECŢIUNEA C - INDUSTRIA PRELUCRĂTOARE;26;Fabricarea calculatoarelor şi a produselor electronice şi optice;266;Fabricarea de echipamente pentru radiologie, electrodiagnostic şi electroterapie
2670;"Fabricarea de instrumente optice, suporți magnetici și optici; fabricarea de echipamente fotografice";SECŢIUNEA C - INDUSTRIA PRELUCRĂTOARE;26;Fabricarea calculatoarelor şi a produselor electronice şi optice;267;"Fabricarea de instrumente optice, suporți magnetici și optici; fabricarea de echipamente fotografice"
2711;Fabricarea motoarelor, generatoarelor şi transformatoarelor electrice;SECŢIUNEA C - INDUSTRIA PRELUCRĂTOARE;27;Fabricarea echipamentelor electrice;271;Fabricarea motoarelor electrice, generatoarelor şi transformatoarelor electrice şi a aparatelor de distribuţie şi control a electricităţii
2712;Fabricarea aparatelor de distribuţie şi control a electricităţii;SECŢIUNEA C - INDUSTRIA PRELUCRĂTOARE;27;Fabricarea echipamentelor electrice;271;Fabricarea motoarelor electrice, generatoarelor şi transformatoarelor electrice şi a aparatelor de distribuţie şi control a electricităţii
2720;Fabricarea de acumulatori şi baterii;SECŢIUNEA C - INDUSTRIA PRELUCRĂTOARE;27;Fabricarea echipamentelor electrice;272;Fabricarea de acumulatori şi baterii
2731;Fabricarea de cabluri cu fibră optică;SECŢIUNEA C - INDUSTRIA PRELUCRĂTOARE;27;Fabricarea echipamentelor electrice;273;"Fabricarea de fire şi cabluri; fabricarea dispozitivelor de conexiune pentru acestea"
2732;Fabricarea altor fire şi cabluri electrice şi electronice;SECŢIUNEA C - INDUSTRIA PRELUCRĂTOARE;27;Fabricarea echipamentelor electrice;273;"Fabricarea de fire şi cabluri; fabricarea dispozitivelor de conexiune pentru acestea"
2733;Fabricarea dispozitivelor de conexiune pentru fire şi cabluri electrice şi electronice;SECŢIUNEA C - INDUSTRIA PRELUCRĂTOARE;27;Fabricarea echipamentelor electrice;273;"Fabricarea de fire şi cabluri; fabricarea dispozitivelor de conexiune pentru acestea"
2740;Fabricarea de echipamente electrice de iluminat;SECŢIUNEA C - INDUSTRIA PRELUCRĂTOARE;27;Fabricarea echipamentelor electrice;274;Fabricarea de echipamente electrice de iluminat
2751;Fabricarea de aparate electrocasnice;SECŢIUNEA C - INDUSTRIA PRELUCRĂTOARE;27;Fabricarea echipamentelor electrice;275;Fabricarea de echipamente casnice
2752;Fabricarea de echipamente casnice neelectrice;SECŢIUNEA C - INDUSTRIA PRELUCRĂTOARE;27;Fabricarea echipamentelor electrice;275;Fabricarea de echipamente casnice
2790;Fabricarea altor echipamente electrice;SECŢIUNEA C - INDUSTRIA PRELUCRĂTOARE;27;Fabricarea echipamentelor electrice;279;Fabricarea altor echipamente electrice
2811;Fabricarea de motoare şi turbine (cu excepţia celor pentru avioane, autovehicule şi motociclete.);SECŢIUNEA C - INDUSTRIA PRELUCRĂTOARE;28;Fabricarea de maşini, utilaje şi echipamente n.c.a.;281;Fabricarea de maşini şi utilaje de utilizare generală
2812;Fabricarea de motoare hidraulice;SECŢIUNEA C - INDUSTRIA PRELUCRĂTOARE;28;Fabricarea de maşini, utilaje şi echipamente n.c.a.;281;Fabricarea de maşini şi utilaje de utilizare generală
2813;Fabricarea de pompe şi compresoare;SECŢIUNEA C - INDUSTRIA PRELUCRĂTOARE;28;Fabricarea de maşini, utilaje şi echipamente n.c.a.;281;Fabricarea de maşini şi utilaje de utilizare generală
2814;Fabricarea de articole de robinetărie;SECŢIUNEA C - INDUSTRIA PRELUCRĂTOARE;28;Fabricarea de maşini, utilaje şi echipamente n.c.a.;281;Fabricarea de maşini şi utilaje de utilizare generală
2815;Fabricarea lagărelor, angrenajelor, cutiilor de viteză şi a elementelor mecanice de transmisie;SECŢIUNEA C - INDUSTRIA PRELUCRĂTOARE;28;Fabricarea de maşini, utilaje şi echipamente n.c.a.;281;Fabricarea de maşini şi utilaje de utilizare generală
2821;Fabricarea cuptoarelor, furnalelor şi arzătoarelor;SECŢIUNEA C - INDUSTRIA PRELUCRĂTOARE;28;Fabricarea de maşini, utilaje şi echipamente n.c.a.;282;Fabricarea altor maşini şi utilaje de utilizare generală
2822;Fabricarea echipamentelor de ridicat şi manipulat;SECŢIUNEA C - INDUSTRIA PRELUCRĂTOARE;28;Fabricarea de maşini, utilaje şi echipamente n.c.a.;282;Fabricarea altor maşini şi utilaje de utilizare generală
2823;Fabricarea maşinilor şi echipamentelor de birou (exceptând fabricarea calculatoarelor şi a echipamentelor periferice);SECŢIUNEA C - INDUSTRIA PRELUCRĂTOARE;28;Fabricarea de maşini, utilaje şi echipamente n.c.a.;282;Fabricarea altor maşini şi utilaje de utilizare generală
2824;Fabricarea maşinilor-unelte portabile acţionate electric;SECŢIUNEA C - INDUSTRIA PRELUCRĂTOARE;28;Fabricarea de maşini, utilaje şi echipamente n.c.a.;282;Fabricarea altor maşini şi utilaje de utilizare generală
2825;Fabricarea echipamentelor de ventilaţie şi frigorifice, exceptând echipamentele de uz casnic;SECŢIUNEA C - INDUSTRIA PRELUCRĂTOARE;28;Fabricarea de maşini, utilaje şi echipamente n.c.a.;282;Fabricarea altor maşini şi utilaje de utilizare generală
2829;Fabricarea altor maşini şi utilaje de utilizare generală n.c.a.;SECŢIUNEA C - INDUSTRIA PRELUCRĂTOARE;28;Fabricarea de maşini, utilaje şi echipamente n.c.a.;282;Fabricarea altor maşini şi utilaje de utilizare generală
2830;Fabricarea masinilor şi utilajelor pentru agricultură şi exploatări forestiere;SECŢIUNEA C - INDUSTRIA PRELUCRĂTOARE;28;Fabricarea de maşini, utilaje şi echipamente n.c.a.;283;Fabricarea masinilor şi utilajelor pentru agricultură şi exploatări forestiere
2841;Fabricarea utilajelor şi a maşinilor-unelte pentru prelucrarea metalului;SECŢIUNEA C - INDUSTRIA PRELUCRĂTOARE;28;Fabricarea de maşini, utilaje şi echipamente n.c.a.;284;Fabricarea utilajelor pentru prelucrarea metalului şi a maşinilor-unelte
2842;Fabricarea altor maşini-unelte n.c.a.;SECŢIUNEA C - INDUSTRIA PRELUCRĂTOARE;28;Fabricarea de maşini, utilaje şi echipamente n.c.a.;284;Fabricarea utilajelor pentru prelucrarea metalului şi a maşinilor-unelte
2891;Fabricarea utilajelor pentru metalurgie;SECŢIUNEA C - INDUSTRIA PRELUCRĂTOARE;28;Fabricarea de maşini, utilaje şi echipamente n.c.a.;289;Fabricarea altor maşini şi utilaje cu destinaţie specifică
2892;Fabricarea utilajelor pentru extracţie şi construcţii;SECŢIUNEA C - INDUSTRIA PRELUCRĂTOARE;28;Fabricarea de maşini, utilaje şi echipamente n.c.a.;289;Fabricarea altor maşini şi utilaje cu destinaţie specifică
2893;Fabricarea utilajelor pentru prelucrarea produselor alimentare, băuturilor şi tutunului;SECŢIUNEA C - INDUSTRIA PRELUCRĂTOARE;28;Fabricarea de maşini, utilaje şi echipamente n.c.a.;289;Fabricarea altor maşini şi utilaje cu destinaţie specifică
2894;Fabricarea utilajelor pentru industria textilă, a îmbrăcămintei şi a pielăriei;SECŢIUNEA C - INDUSTRIA PRELUCRĂTOARE;28;Fabricarea de maşini, utilaje şi echipamente n.c.a.;289;Fabricarea altor maşini şi utilaje cu destinaţie specifică
2895;Fabricarea utilajelor pentru industria hârtiei şi cartonului;SECŢIUNEA C - INDUSTRIA PRELUCRĂTOARE;28;Fabricarea de maşini, utilaje şi echipamente n.c.a.;289;Fabricarea altor maşini şi utilaje cu destinaţie specifică
2896;Fabricarea utilajelor pentru prelucrarea maselor plastice şi a cauciucului;SECŢIUNEA C - INDUSTRIA PRELUCRĂTOARE;28;Fabricarea de maşini, utilaje şi echipamente n.c.a.;289;Fabricarea altor maşini şi utilaje cu destinaţie specifică
2897;Fabricarea mașinilor și utilajelor pentru fabricația aditivă (care utilizează tehnologia de fabricație aditivă);SECŢIUNEA C - INDUSTRIA PRELUCRĂTOARE;28;Fabricarea de maşini, utilaje şi echipamente n.c.a.;289;Fabricarea altor maşini şi utilaje cu destinaţie specifică
2899;Fabricarea altor maşini şi utilaje specifice n.c.a.;SECŢIUNEA C - INDUSTRIA PRELUCRĂTOARE;28;Fabricarea de maşini, utilaje şi echipamente n.c.a.;289;Fabricarea altor maşini şi utilaje cu destinaţie specifică
2910;Fabricarea autovehiculelor de transport rutier;SECŢIUNEA C - INDUSTRIA PRELUCRĂTOARE;29;Fabricarea autovehiculelor de transport rutier, a remorcilor şi semiremorcilor;291;Fabricarea autovehiculelor de transport rutier
2920;"Producţia de caroserii pentru autovehicule; fabricarea de remorci şi semiremorci";SECŢIUNEA C - INDUSTRIA PRELUCRĂTOARE;29;Fabricarea autovehiculelor de transport rutier, a remorcilor şi semiremorcilor;292;"Producţia de caroserii pentru autovehicule; fabricarea de remorci şi semiremorci"
2931;Fabricarea de echipamente electrice şi electronice pentru autovehicule şi pentru motoare de autovehicule;SECŢIUNEA C - INDUSTRIA PRELUCRĂTOARE;29;Fabricarea autovehiculelor de transport rutier, a remorcilor şi semiremorcilor;293;Producţia de piese şi accesorii pentru autovehicule şi pentru motoare de autovehicule
2932;Fabricarea altor piese şi accesorii pentru autovehicule şi pentru motoare de autovehicule;SECŢIUNEA C - INDUSTRIA PRELUCRĂTOARE;29;Fabricarea autovehiculelor de transport rutier, a remorcilor şi semiremorcilor;293;Producţia de piese şi accesorii pentru autovehicule şi pentru motoare de autovehicule
3011;Construcţia de nave civile şi structuri plutitoare;SECŢIUNEA C - INDUSTRIA PRELUCRĂTOARE;30;Fabricarea altor mijloace de transport;301;Construcţia de nave şi bărci
3012;Construcţia de ambarcaţiuni sportive şi de agrement;SECŢIUNEA C - INDUSTRIA PRELUCRĂTOARE;30;Fabricarea altor mijloace de transport;301;Construcţia de nave şi bărci
3013;Construcţia de nave și vase militare;SECŢIUNEA C - INDUSTRIA PRELUCRĂTOARE;30;Fabricarea altor mijloace de transport;301;Construcţia de nave şi bărci
3020;Fabricarea materialului rulant;SECŢIUNEA C - INDUSTRIA PRELUCRĂTOARE;30;Fabricarea altor mijloace de transport;302;Fabricarea materialului rulant
3031;Fabricarea de aeronave şi nave spaţiale, civile;SECŢIUNEA C - INDUSTRIA PRELUCRĂTOARE;30;Fabricarea altor mijloace de transport;303;Fabricarea de aeronave şi nave spaţiale
3032;Fabricarea de aeronave şi nave spaţiale, militare;SECŢIUNEA C - INDUSTRIA PRELUCRĂTOARE;30;Fabricarea altor mijloace de transport;303;Fabricarea de aeronave şi nave spaţiale
3040;Fabricarea vehiculelor militare de luptă;SECŢIUNEA C - INDUSTRIA PRELUCRĂTOARE;30;Fabricarea altor mijloace de transport;304;Fabricarea vehiculelor militare de luptă
3091;Fabricarea de motociclete;SECŢIUNEA C - INDUSTRIA PRELUCRĂTOARE;30;Fabricarea altor mijloace de transport;309;Fabricarea altor echipamente de transport n.c.a.
3092;Fabricarea de biciclete şi de de vehicule pentru invalizi;SECŢIUNEA C - INDUSTRIA PRELUCRĂTOARE;30;Fabricarea altor mijloace de transport;309;Fabricarea altor echipamente de transport n.c.a.
3099;Fabricarea altor mijloace de transport n.c.a.;SECŢIUNEA C - INDUSTRIA PRELUCRĂTOARE;30;Fabricarea altor mijloace de transport;309;Fabricarea altor echipamente de transport n.c.a.
3100;Fabricarea de mobilă;SECŢIUNEA C - INDUSTRIA PRELUCRĂTOARE;31;Fabricarea de mobilă;310;Fabricarea de mobilă
3211;Baterea monedelor;SECŢIUNEA C - INDUSTRIA PRELUCRĂTOARE;32;Alte activităţi industriale;321;Fabricarea bijuteriilor, imitaţiilor de bijuterii şi articolelor similare
3212;Fabricarea bijuteriilor şi articolelor similare din metale şi pietre preţioase;SECŢIUNEA C - INDUSTRIA PRELUCRĂTOARE;32;Alte activităţi industriale;321;Fabricarea bijuteriilor, imitaţiilor de bijuterii şi articolelor similare
3213;Fabricarea imitaţiilor de bijuterii şi articole similare;SECŢIUNEA C - INDUSTRIA PRELUCRĂTOARE;32;Alte activităţi industriale;321;Fabricarea bijuteriilor, imitaţiilor de bijuterii şi articolelor similare
3220;Fabricarea instrumentelor muzicale;SECŢIUNEA C - INDUSTRIA PRELUCRĂTOARE;32;Alte activităţi industriale;322;Fabricarea instrumentelor muzicale
3230;Fabricarea articolelor pentru sport;SECŢIUNEA C - INDUSTRIA PRELUCRĂTOARE;32;Alte activităţi industriale;323;Fabricarea articolelor pentru sport
3240;Fabricarea jocurilor şi jucăriilor;SECŢIUNEA C - INDUSTRIA PRELUCRĂTOARE;32;Alte activităţi industriale;324;Fabricarea jocurilor şi jucăriilor
3250;Fabricarea de dispozitive, aparate şi instrumente medicale stomatologice;SECŢIUNEA C - INDUSTRIA PRELUCRĂTOARE;32;Alte activităţi industriale;325;Fabricarea de dispozitive, aparate şi instrumente medicale şi stomatologice
3291;Fabricarea măturilor şi periilor;SECŢIUNEA C - INDUSTRIA PRELUCRĂTOARE;32;Alte activităţi industriale;329;Alte activităţi industriale
3299;Fabricarea altor produse manufacturiere n.c.a.;SECŢIUNEA C - INDUSTRIA PRELUCRĂTOARE;32;Alte activităţi industriale;329;Alte activităţi industriale
3311;Repararea și întreținerea articolelor fabricate din metal;SECŢIUNEA C - INDUSTRIA PRELUCRĂTOARE;33;Repararea, întreţinerea şi instalarea maşinilor şi echipamentelor;331;Repararea și întreținerea articolelor fabricate din metal, a maşinilor şi echipamentelor
3312;Repararea și întreținerea maşinilor;SECŢIUNEA C - INDUSTRIA PRELUCRĂTOARE;33;Repararea, întreţinerea şi instalarea maşinilor şi echipamentelor;331;Repararea și întreținerea articolelor fabricate din metal, a maşinilor şi echipamentelor
3313;Repararea și întreținerea echipamentelor electronice şi optice;SECŢIUNEA C - INDUSTRIA PRELUCRĂTOARE;33;Repararea, întreţinerea şi instalarea maşinilor şi echipamentelor;331;Repararea și întreținerea articolelor fabricate din metal, a maşinilor şi echipamentelor
3314;Repararea și întreținerea echipamentelor electrice;SECŢIUNEA C - INDUSTRIA PRELUCRĂTOARE;33;Repararea, întreţinerea şi instalarea maşinilor şi echipamentelor;331;Repararea și întreținerea articolelor fabricate din metal, a maşinilor şi echipamentelor
3315;Repararea şi întreţinerea navelor şi bărcilor, civile;SECŢIUNEA C - INDUSTRIA PRELUCRĂTOARE;33;Repararea, întreţinerea şi instalarea maşinilor şi echipamentelor;331;Repararea și întreținerea articolelor fabricate din metal, a maşinilor şi echipamentelor
3316;Repararea şi întreţinerea aeronavelor şi navelor spaţiale, civile;SECŢIUNEA C - INDUSTRIA PRELUCRĂTOARE;33;Repararea, întreţinerea şi instalarea maşinilor şi echipamentelor;331;Repararea și întreținerea articolelor fabricate din metal, a maşinilor şi echipamentelor
3317;Repararea şi întreţinerea altor echipamente civile de transport n.c.a.;SECŢIUNEA C - INDUSTRIA PRELUCRĂTOARE;33;Repararea, întreţinerea şi instalarea maşinilor şi echipamentelor;331;Repararea și întreținerea articolelor fabricate din metal, a maşinilor şi echipamentelor
3318;Repararea şi întreţinerea vehiculelor militare de luptă, a navelor, vaselor, aeronavelor şi navelor spaţiale, militare;SECŢIUNEA C - INDUSTRIA PRELUCRĂTOARE;33;Repararea, întreţinerea şi instalarea maşinilor şi echipamentelor;331;Repararea și întreținerea articolelor fabricate din metal, a maşinilor şi echipamentelor
3319;Repararea și întreținerea altor echipamente;SECŢIUNEA C - INDUSTRIA PRELUCRĂTOARE;33;Repararea, întreţinerea şi instalarea maşinilor şi echipamentelor;331;Repararea și întreținerea articolelor fabricate din metal, a maşinilor şi echipamentelor
3320;Instalarea maşinilor şi echipamentelor industriale;SECŢIUNEA C - INDUSTRIA PRELUCRĂTOARE;33;Repararea, întreţinerea şi instalarea maşinilor şi echipamentelor;332;Instalarea maşinilor şi echipamentelor industriale
3511;Producţia de energie electrică din resurse neregenerabile;SECŢIUNEA D - PRODUCŢIA ŞI FURNIZAREA DE ENERGIE ELECTRICĂ ŞI TERMICĂ, GAZE, APĂ CALDĂ ŞI AER CONDIŢIONAT;35;Producţia şi furnizarea de energie electrică şi termică, gaze, apă caldă şi aer condiţionat;351;Producţia, transportul şi distribuţia energiei electrice
3512;Producţia de energie electrică din resurse regenerabile;SECŢIUNEA D - PRODUCŢIA ŞI FURNIZAREA DE ENERGIE ELECTRICĂ ŞI TERMICĂ, GAZE, APĂ CALDĂ ŞI AER CONDIŢIONAT;35;Producţia şi furnizarea de energie electrică şi termică, gaze, apă caldă şi aer condiţionat;351;Producţia, transportul şi distribuţia energiei electrice
3513;Transportul energiei electrice;SECŢIUNEA D - PRODUCŢIA ŞI FURNIZAREA DE ENERGIE ELECTRICĂ ŞI TERMICĂ, GAZE, APĂ CALDĂ ŞI AER CONDIŢIONAT;35;Producţia şi furnizarea de energie electrică şi termică, gaze, apă caldă şi aer condiţionat;351;Producţia, transportul şi distribuţia energiei electrice
3514;Distribuţia energiei electrice;SECŢIUNEA D - PRODUCŢIA ŞI FURNIZAREA DE ENERGIE ELECTRICĂ ŞI TERMICĂ, GAZE, APĂ CALDĂ ŞI AER CONDIŢIONAT;35;Producţia şi furnizarea de energie electrică şi termică, gaze, apă caldă şi aer condiţionat;351;Producţia, transportul şi distribuţia energiei electrice
3515;Comercializarea energiei electrice;SECŢIUNEA D - PRODUCŢIA ŞI FURNIZAREA DE ENERGIE ELECTRICĂ ŞI TERMICĂ, GAZE, APĂ CALDĂ ŞI AER CONDIŢIONAT;35;Producţia şi furnizarea de energie electrică şi termică, gaze, apă caldă şi aer condiţionat;351;Producţia, transportul şi distribuţia energiei electrice
3516;Depozitarea energiei electrice;SECŢIUNEA D - PRODUCŢIA ŞI FURNIZAREA DE ENERGIE ELECTRICĂ ŞI TERMICĂ, GAZE, APĂ CALDĂ ŞI AER CONDIŢIONAT;35;Producţia şi furnizarea de energie electrică şi termică, gaze, apă caldă şi aer condiţionat;351;Producţia, transportul şi distribuţia energiei electrice
3521;Producţia gazelor;SECŢIUNEA D - PRODUCŢIA ŞI FURNIZAREA DE ENERGIE ELECTRICĂ ŞI TERMICĂ, GAZE, APĂ CALDĂ ŞI AER CONDIŢIONAT;35;Producţia şi furnizarea de energie electrică şi termică, gaze, apă caldă şi aer condiţionat;352;"Producţia gazelor; distribuţia combustibililor gazoşi prin conducte"
3522;Distribuţia combustibililor gazoşi, prin conducte;SECŢIUNEA D - PRODUCŢIA ŞI FURNIZAREA DE ENERGIE ELECTRICĂ ŞI TERMICĂ, GAZE, APĂ CALDĂ ŞI AER CONDIŢIONAT;35;Producţia şi furnizarea de energie electrică şi termică, gaze, apă caldă şi aer condiţionat;352;"Producţia gazelor; distribuţia combustibililor gazoşi prin conducte"
3523;Comercializarea combustibililor gazoşi, prin conducte;SECŢIUNEA D - PRODUCŢIA ŞI FURNIZAREA DE ENERGIE ELECTRICĂ ŞI TERMICĂ, GAZE, APĂ CALDĂ ŞI AER CONDIŢIONAT;35;Producţia şi furnizarea de energie electrică şi termică, gaze, apă caldă şi aer condiţionat;352;"Producţia gazelor; distribuţia combustibililor gazoşi prin conducte"
3524;Depozitarea gazelor, ca parte a serviciilor de furnizare;SECŢIUNEA D - PRODUCŢIA ŞI FURNIZAREA DE ENERGIE ELECTRICĂ ŞI TERMICĂ, GAZE, APĂ CALDĂ ŞI AER CONDIŢIONAT;35;Producţia şi furnizarea de energie electrică şi termică, gaze, apă caldă şi aer condiţionat;352;"Producţia gazelor; distribuţia combustibililor gazoşi prin conducte"
3530;Furnizarea de abur şi aer condiţionat;SECŢIUNEA D - PRODUCŢIA ŞI FURNIZAREA DE ENERGIE ELECTRICĂ ŞI TERMICĂ, GAZE, APĂ CALDĂ ŞI AER CONDIŢIONAT;35;Producţia şi furnizarea de energie electrică şi termică, gaze, apă caldă şi aer condiţionat;353;Furnizarea de abur şi aer condiţionat
3540;Activități ale agenților și brokerilor din domeniul energiei electrice și a gazelor naturale;SECŢIUNEA D - PRODUCŢIA ŞI FURNIZAREA DE ENERGIE ELECTRICĂ ŞI TERMICĂ, GAZE, APĂ CALDĂ ŞI AER CONDIŢIONAT;35;Producţia şi furnizarea de energie electrică şi termică, gaze, apă caldă şi aer condiţionat;354;Activități ale agenților și brokerilor din domeniul energiei electrice și a gazelor naturale
3600;Captarea, tratarea şi distribuţia apei;"SECŢIUNEA E - DISTRIBUŢIA APEI; SALUBRITATE, GESTIONAREA DEŞEURILOR, ACTIVITĂŢI DE DECONTAMINARE";36;Captarea, tratarea şi distribuţia apei;360;Captarea, tratarea şi distribuţia apei
3700;Colectarea şi epurarea apelor uzate;"SECŢIUNEA E - DISTRIBUŢIA APEI; SALUBRITATE, GESTIONAREA DEŞEURILOR, ACTIVITĂŢI DE DECONTAMINARE";37;Colectarea şi epurarea apelor uzate;370;Colectarea şi epurarea apelor uzate
3811;Colectarea deşeurilor nepericuloase;"SECŢIUNEA E - DISTRIBUŢIA APEI; SALUBRITATE, GESTIONAREA DEŞEURILOR, ACTIVITĂŢI DE DECONTAMINARE";38;"Colectarea, tratarea şi eliminarea deşeurilor; activităţi de recuperare a materialelor reciclabile";381;Colectarea deşeurilor
3812;Colectarea deşeurilor periculoase;"SECŢIUNEA E - DISTRIBUŢIA APEI; SALUBRITATE, GESTIONAREA DEŞEURILOR, ACTIVITĂŢI DE DECONTAMINARE";38;"Colectarea, tratarea şi eliminarea deşeurilor; activităţi de recuperare a materialelor reciclabile";381;Colectarea deşeurilor
3821;Recuperarea materialelor reciclabile;"SECŢIUNEA E - DISTRIBUŢIA APEI; SALUBRITATE, GESTIONAREA DEŞEURILOR, ACTIVITĂŢI DE DECONTAMINARE";38;"Colectarea, tratarea şi eliminarea deşeurilor; activităţi de recuperare a materialelor reciclabile";382;Recuperarea materialelor
3822;Producția de energie (electrică sau termică) prin tratarea deșeurilor (inclusiv prin incinerare);"SECŢIUNEA E - DISTRIBUŢIA APEI; SALUBRITATE, GESTIONAREA DEŞEURILOR, ACTIVITĂŢI DE DECONTAMINARE";38;"Colectarea, tratarea şi eliminarea deşeurilor; activităţi de recuperare a materialelor reciclabile";382;Recuperarea materialelor
3823;Alte activități de tartare a deșeurilor;"SECŢIUNEA E - DISTRIBUŢIA APEI; SALUBRITATE, GESTIONAREA DEŞEURILOR, ACTIVITĂŢI DE DECONTAMINARE";38;"Colectarea, tratarea şi eliminarea deşeurilor; activităţi de recuperare a materialelor reciclabile";382;Recuperarea materialelor
3831;Incinerarea deșeurilor fără producție de energie;"SECŢIUNEA E - DISTRIBUŢIA APEI; SALUBRITATE, GESTIONAREA DEŞEURILOR, ACTIVITĂŢI DE DECONTAMINARE";38;"Colectarea, tratarea şi eliminarea deşeurilor; activităţi de recuperare a materialelor reciclabile";383;Eliminarea deșeurilor
3832;Activități ale gropilor de gunoi sau a depozitelor permanente de deșeuri;"SECŢIUNEA E - DISTRIBUŢIA APEI; SALUBRITATE, GESTIONAREA DEŞEURILOR, ACTIVITĂŢI DE DECONTAMINARE";38;"Colectarea, tratarea şi eliminarea deşeurilor; activităţi de recuperare a materialelor reciclabile";383;Eliminarea deșeurilor
3833;Alte activități de eliminare a deșeurilor;"SECŢIUNEA E - DISTRIBUŢIA APEI; SALUBRITATE, GESTIONAREA DEŞEURILOR, ACTIVITĂŢI DE DECONTAMINARE";38;"Colectarea, tratarea şi eliminarea deşeurilor; activităţi de recuperare a materialelor reciclabile";383;Eliminarea deșeurilor
3900;Activităţi şi servicii de decontaminare;"SECŢIUNEA E - DISTRIBUŢIA APEI; SALUBRITATE, GESTIONAREA DEŞEURILOR, ACTIVITĂŢI DE DECONTAMINARE";39;Activităţi şi servicii de decontaminare;390;Activităţi şi servicii de decontaminare
4100;Lucrări de construcţii a clădirilor rezidenţiale şi nerezidenţiale;SECŢIUNEA F - CONSTRUCŢII;41;Construcţii de clădiri;410;Lucrări de construcţii a clădirilor rezidenţiale şi nerezidenţiale
4211;Lucrări de construcţii a drumurilor şi autostrăzilor;SECŢIUNEA F - CONSTRUCŢII;42;Lucrări de geniu civil;421;Lucrări de construcţii a drumurilor şi a căilor ferate
4212;Lucrări de construcţii a căilor ferate de suprafaţă şi subterane.;SECŢIUNEA F - CONSTRUCŢII;42;Lucrări de geniu civil;421;Lucrări de construcţii a drumurilor şi a căilor ferate
4213;Construcţia de poduri şi tuneluri;SECŢIUNEA F - CONSTRUCŢII;42;Lucrări de geniu civil;421;Lucrări de construcţii a drumurilor şi a căilor ferate
4221;Lucrări de construcţii a proiectelor utilitare pentru fluide;SECŢIUNEA F - CONSTRUCŢII;42;Lucrări de geniu civil;422;Lucrări de construcţii a proiectelor utilitare
4222;Lucrări de construcţii a proiectelor utilitare pentru electricitate şi telecomunicaţii;SECŢIUNEA F - CONSTRUCŢII;42;Lucrări de geniu civil;422;Lucrări de construcţii a proiectelor utilitare
4291;Construcţii hidrotehnice;SECŢIUNEA F - CONSTRUCŢII;42;Lucrări de geniu civil;429;Lucrări de construcţii a altor proiecte inginereşti
4299;Lucrări de construcţii a altor proiecte inginereşti n.c.a.;SECŢIUNEA F - CONSTRUCŢII;42;Lucrări de geniu civil;429;Lucrări de construcţii a altor proiecte inginereşti
4311;Lucrări de demolare a construcţiilor;SECŢIUNEA F - CONSTRUCŢII;43;Lucrări speciale de construcţii;431;Lucrări de demolare şi de pregătire a terenului
4312;Lucrări de pregătire a terenului;SECŢIUNEA F - CONSTRUCŢII;43;Lucrări speciale de construcţii;431;Lucrări de demolare şi de pregătire a terenului
4313;Lucrări de foraj şi sondaj pentru construcţii;SECŢIUNEA F - CONSTRUCŢII;43;Lucrări speciale de construcţii;431;Lucrări de demolare şi de pregătire a terenului
4321;Lucrări de instalaţii electrice;SECŢIUNEA F - CONSTRUCŢII;43;Lucrări speciale de construcţii;432;Lucrări de instalaţii electrice şi tehnico-sanitare şi alte lucrări de instalaţii pentru construcţii
4322;Lucrări de instalaţii sanitare, de încălzire şi de aer condiţionat;SECŢIUNEA F - CONSTRUCŢII;43;Lucrări speciale de construcţii;432;Lucrări de instalaţii electrice şi tehnico-sanitare şi alte lucrări de instalaţii pentru construcţii
4323;Lucrări de izolații;SECŢIUNEA F - CONSTRUCŢII;43;Lucrări speciale de construcţii;432;Lucrări de instalaţii electrice şi tehnico-sanitare şi alte lucrări de instalaţii pentru construcţii
4324;Alte lucrări de instalaţii pentru construcţii;SECŢIUNEA F - CONSTRUCŢII;43;Lucrări speciale de construcţii;432;Lucrări de instalaţii electrice şi tehnico-sanitare şi alte lucrări de instalaţii pentru construcţii
4331;Lucrări de ipsoserie;SECŢIUNEA F - CONSTRUCŢII;43;Lucrări speciale de construcţii;433;Lucrări de finisare
4332;Lucrări de tâmplărie şi dulgherie;SECŢIUNEA F - CONSTRUCŢII;43;Lucrări speciale de construcţii;433;Lucrări de finisare
4333;Lucrări de pardosire şi placare a pereţilor;SECŢIUNEA F - CONSTRUCŢII;43;Lucrări speciale de construcţii;433;Lucrări de finisare
4334;Lucrări de vopsitorie, zugrăveli şi montări de geamuri;SECŢIUNEA F - CONSTRUCŢII;43;Lucrări speciale de construcţii;433;Lucrări de finisare
4335;Alte lucrări de finisare;SECŢIUNEA F - CONSTRUCŢII;43;Lucrări speciale de construcţii;433;Lucrări de finisare
4341;Lucrări de învelitori, şarpante şi terase la construcţii;SECŢIUNEA F - CONSTRUCŢII;43;Lucrări speciale de construcţii;434;Lucrări speciale de construcţii pentru clădiri
4342;Alte lucrări speciale de construcţii pentru clădiri;SECŢIUNEA F - CONSTRUCŢII;43;Lucrări speciale de construcţii;434;Lucrări speciale de construcţii pentru clădiri
4350;Lucrări speciale de construcţii pentru proiecte de geniu civil;SECŢIUNEA F - CONSTRUCŢII;43;Lucrări speciale de construcţii;435;Lucrări speciale de construcţii pentru proiecte de geniu civil
4360;Servicii de intermediere pentru lucrări speciale de construcţii;SECŢIUNEA F - CONSTRUCŢII;43;Lucrări speciale de construcţii;436;Servicii de intermediere pentru lucrări speciale de construcţii
4391;Activități de zidărie;SECŢIUNEA F - CONSTRUCŢII;43;Lucrări speciale de construcţii;439;Alte lucrări speciale de construcții
4399;Alte lucrări speciale de construcții n.c.a.;SECŢIUNEA F - CONSTRUCŢII;43;Lucrări speciale de construcţii;439;Alte lucrări speciale de construcții
4611;Intermedieri în comerţul cu materii prime agricole, animale vii, materii prime textile şi cu semifabricate;"SECŢIUNEA G - COMERŢ CU RIDICATA ŞI CU AMĂNUNTUL;";46;Comerţ cu ridicata;461;Activităţi de intermediere în comerţul cu ridicata
4612;Intermedieri în comerţul cu combustibili, minereuri, metale şi produse chimice pentru industrie;"SECŢIUNEA G - COMERŢ CU RIDICATA ŞI CU AMĂNUNTUL;";46;Comerţ cu ridicata;461;Activităţi de intermediere în comerţul cu ridicata
4613;Intermedieri în comerţul cu material lemnos şi materiale de construcţii;"SECŢIUNEA G - COMERŢ CU RIDICATA ŞI CU AMĂNUNTUL;";46;Comerţ cu ridicata;461;Activităţi de intermediere în comerţul cu ridicata
4614;Intermedieri în comerţul cu maşini, echipamente industriale, nave şi avioane;"SECŢIUNEA G - COMERŢ CU RIDICATA ŞI CU AMĂNUNTUL;";46;Comerţ cu ridicata;461;Activităţi de intermediere în comerţul cu ridicata
4615;Intermedieri în comerţul cu mobilă, articole de menaj şi de fierărie;"SECŢIUNEA G - COMERŢ CU RIDICATA ŞI CU AMĂNUNTUL;";46;Comerţ cu ridicata;461;Activităţi de intermediere în comerţul cu ridicata
4616;Intermedieri în comerţul cu textile, confecţii din blană, încălţăminte şi articole din piele;"SECŢIUNEA G - COMERŢ CU RIDICATA ŞI CU AMĂNUNTUL;";46;Comerţ cu ridicata;461;Activităţi de intermediere în comerţul cu ridicata
4617;Intermedieri în comerţul cu produse alimentare, băuturi şi tutun;"SECŢIUNEA G - COMERŢ CU RIDICATA ŞI CU AMĂNUNTUL;";46;Comerţ cu ridicata;461;Activităţi de intermediere în comerţul cu ridicata
4618;Intermedieri în comerţul specializat în vânzarea produselor cu caracter specific, n.c.a.;"SECŢIUNEA G - COMERŢ CU RIDICATA ŞI CU AMĂNUNTUL;";46;Comerţ cu ridicata;461;Activităţi de intermediere în comerţul cu ridicata
4619;Intermedieri în comerţul cu produse diverse;"SECŢIUNEA G - COMERŢ CU RIDICATA ŞI CU AMĂNUNTUL;";46;Comerţ cu ridicata;461;Activităţi de intermediere în comerţul cu ridicata
4621;Comerţ cu ridicata al cerealelor, seminţelor, furajelor şi tutunului neprelucrat;"SECŢIUNEA G - COMERŢ CU RIDICATA ŞI CU AMĂNUNTUL;";46;Comerţ cu ridicata;462;Comerţ cu ridicata al produselor agricole brute şi al animalelor vii
4622;Comerţ cu ridicata al florilor şi al plantelor;"SECŢIUNEA G - COMERŢ CU RIDICATA ŞI CU AMĂNUNTUL;";46;Comerţ cu ridicata;462;Comerţ cu ridicata al produselor agricole brute şi al animalelor vii
4623;Comerţ cu ridicata al animalelor vii;"SECŢIUNEA G - COMERŢ CU RIDICATA ŞI CU AMĂNUNTUL;";46;Comerţ cu ridicata;462;Comerţ cu ridicata al produselor agricole brute şi al animalelor vii
4624;Comerţ cu ridicata al blănurilor, pieilor brute şi al pieilor prelucrate;"SECŢIUNEA G - COMERŢ CU RIDICATA ŞI CU AMĂNUNTUL;";46;Comerţ cu ridicata;462;Comerţ cu ridicata al produselor agricole brute şi al animalelor vii
4631;Comerţ cu ridicata al fructelor şi legumelor;"SECŢIUNEA G - COMERŢ CU RIDICATA ŞI CU AMĂNUNTUL;";46;Comerţ cu ridicata;463;Comerţ cu ridicata al produselor alimentare, al băuturilor şi al tutunului
4632;Comerţ cu ridicata al cărnii şi produselor din carne, peşte şi produse din pește, crustacee şi moluşte;"SECŢIUNEA G - COMERŢ CU RIDICATA ŞI CU AMĂNUNTUL;";46;Comerţ cu ridicata;463;Comerţ cu ridicata al produselor alimentare, al băuturilor şi al tutunului
4633;Comerţ cu ridicata al produselor lactate, ouălor, uleiurilor şi grăsimilor comestibile;"SECŢIUNEA G - COMERŢ CU RIDICATA ŞI CU AMĂNUNTUL;";46;Comerţ cu ridicata;463;Comerţ cu ridicata al produselor alimentare, al băuturilor şi al tutunului
4634;Comerţ cu ridicata al băuturilor;"SECŢIUNEA G - COMERŢ CU RIDICATA ŞI CU AMĂNUNTUL;";46;Comerţ cu ridicata;463;Comerţ cu ridicata al produselor alimentare, al băuturilor şi al tutunului
4635;Comerţ cu ridicata al produselor din tutun;"SECŢIUNEA G - COMERŢ CU RIDICATA ŞI CU AMĂNUNTUL;";46;Comerţ cu ridicata;463;Comerţ cu ridicata al produselor alimentare, al băuturilor şi al tutunului
4636;Comerţ cu ridicata al zahărului, ciocolatei şi produselor zaharoase;"SECŢIUNEA G - COMERŢ CU RIDICATA ŞI CU AMĂNUNTUL;";46;Comerţ cu ridicata;463;Comerţ cu ridicata al produselor alimentare, al băuturilor şi al tutunului
4637;Comerţ cu ridicata cu cafea, ceai, cacao şi condimente;"SECŢIUNEA G - COMERŢ CU RIDICATA ŞI CU AMĂNUNTUL;";46;Comerţ cu ridicata;463;Comerţ cu ridicata al produselor alimentare, al băuturilor şi al tutunului
4638;Comerţ cu ridicata specializat al altor alimente;"SECŢIUNEA G - COMERŢ CU RIDICATA ŞI CU AMĂNUNTUL;";46;Comerţ cu ridicata;463;Comerţ cu ridicata al produselor alimentare, al băuturilor şi al tutunului
4639;Comerţ cu ridicata nespecializat de produse alimentare, băuturi şi tutun;"SECŢIUNEA G - COMERŢ CU RIDICATA ŞI CU AMĂNUNTUL;";46;Comerţ cu ridicata;463;Comerţ cu ridicata al produselor alimentare, al băuturilor şi al tutunului
4641;Comerţ cu ridicata al produselor textile;"SECŢIUNEA G - COMERŢ CU RIDICATA ŞI CU AMĂNUNTUL;";46;Comerţ cu ridicata;464;Comerţ cu ridicata al bunurilor de consum
4642;Comerţ cu ridicata al îmbrăcămintei şi încălţămintei;"SECŢIUNEA G - COMERŢ CU RIDICATA ŞI CU AMĂNUNTUL;";46;Comerţ cu ridicata;464;Comerţ cu ridicata al bunurilor de consum
4643;Comerţ cu ridicata al aparatelor electrice de uz gospodăresc, al aparatelor de radio şi televizoarelor;"SECŢIUNEA G - COMERŢ CU RIDICATA ŞI CU AMĂNUNTUL;";46;Comerţ cu ridicata;464;Comerţ cu ridicata al bunurilor de consum
4644;Comerţ cu ridicata al produselor din ceramică, sticlărie, şi produse de întreţinere;"SECŢIUNEA G - COMERŢ CU RIDICATA ŞI CU AMĂNUNTUL;";46;Comerţ cu ridicata;464;Comerţ cu ridicata al bunurilor de consum
4645;Comerţ cu ridicata al produselor cosmetice şi de parfumerie;"SECŢIUNEA G - COMERŢ CU RIDICATA ŞI CU AMĂNUNTUL;";46;Comerţ cu ridicata;464;Comerţ cu ridicata al bunurilor de consum
4646;Comerţ cu ridicata al produselor farmaceutice și medicale;"SECŢIUNEA G - COMERŢ CU RIDICATA ŞI CU AMĂNUNTUL;";46;Comerţ cu ridicata;464;Comerţ cu ridicata al bunurilor de consum
4647;Comerţ cu ridicata al mobilei (inclusiv de birou și pentru magazine), covoarelor şi a articolelor de iluminat;"SECŢIUNEA G - COMERŢ CU RIDICATA ŞI CU AMĂNUNTUL;";46;Comerţ cu ridicata;464;Comerţ cu ridicata al bunurilor de consum
4648;Comerţ cu ridicata al ceasurilor şi bijuteriilor;"SECŢIUNEA G - COMERŢ CU RIDICATA ŞI CU AMĂNUNTUL;";46;Comerţ cu ridicata;464;Comerţ cu ridicata al bunurilor de consum
4649;Comerţ cu ridicata al altor bunuri de uz gospodăresc;"SECŢIUNEA G - COMERŢ CU RIDICATA ŞI CU AMĂNUNTUL;";46;Comerţ cu ridicata;464;Comerţ cu ridicata al bunurilor de consum
4650;Comerţ cu ridicata al echipamentului informatic şi de telecomunicaţii;"SECŢIUNEA G - COMERŢ CU RIDICATA ŞI CU AMĂNUNTUL;";46;Comerţ cu ridicata;465;Comerţ cu ridicata al echipamentului informatic şi de telecomunicaţii
4661;Comerţ cu ridicata al maşinilor agricole, echipamentelor şi furniturilor;"SECŢIUNEA G - COMERŢ CU RIDICATA ŞI CU AMĂNUNTUL;";46;Comerţ cu ridicata;466;Comerţ cu ridicata al altor maşini, echipamente şi furnituri
4662;Comerţ cu ridicata al maşinilor-unelte;"SECŢIUNEA G - COMERŢ CU RIDICATA ŞI CU AMĂNUNTUL;";46;Comerţ cu ridicata;466;Comerţ cu ridicata al altor maşini, echipamente şi furnituri
4663;Comerţ cu ridicata al maşinilor pentru industria minieră şi construcţii;"SECŢIUNEA G - COMERŢ CU RIDICATA ŞI CU AMĂNUNTUL;";46;Comerţ cu ridicata;466;Comerţ cu ridicata al altor maşini, echipamente şi furnituri
4664;Comerţ cu ridicata al altor maşini şi echipamente;"SECŢIUNEA G - COMERŢ CU RIDICATA ŞI CU AMĂNUNTUL;";46;Comerţ cu ridicata;466;Comerţ cu ridicata al altor maşini, echipamente şi furnituri
4671;Comerţ cu ridicata al autovehiculelor;"SECŢIUNEA G - COMERŢ CU RIDICATA ŞI CU AMĂNUNTUL;";46;Comerţ cu ridicata;467;"Comerţ cu ridicata al autovehiculelor şi motocicletelor; comerţ cu ridicata al pieselor şi accesoriilor pentru autovehicule și motociclete"
4672;Comerţ cu ridicata al pieselor şi accesoriilor pentru autovehicule;"SECŢIUNEA G - COMERŢ CU RIDICATA ŞI CU AMĂNUNTUL;";46;Comerţ cu ridicata;467;"Comerţ cu ridicata al autovehiculelor şi motocicletelor; comerţ cu ridicata al pieselor şi accesoriilor pentru autovehicule și motociclete"
4673;"Comerţ cu ridicata al motocicletelor; comerț cu ridicata al pieselor şi accesoriilor pentru motociclete";"SECŢIUNEA G - COMERŢ CU RIDICATA ŞI CU AMĂNUNTUL;";46;Comerţ cu ridicata;467;"Comerţ cu ridicata al autovehiculelor şi motocicletelor; comerţ cu ridicata al pieselor şi accesoriilor pentru autovehicule și motociclete"
4681;Comerţ cu ridicata al combustibililor solizi, lichizi şi gazoşi şi al produselor derivate;"SECŢIUNEA G - COMERŢ CU RIDICATA ŞI CU AMĂNUNTUL;";46;Comerţ cu ridicata;468;Comerţ cu ridicata specializat al altor produse
4682;Comerţ cu ridicata al metalelor şi minereurilor metalice;"SECŢIUNEA G - COMERŢ CU RIDICATA ŞI CU AMĂNUNTUL;";46;Comerţ cu ridicata;468;Comerţ cu ridicata specializat al altor produse
4683;Comerţ cu ridicata al materialului lemnos şi a materialelor de construcţie şi echipamentelor sanitare;"SECŢIUNEA G - COMERŢ CU RIDICATA ŞI CU AMĂNUNTUL;";46;Comerţ cu ridicata;468;Comerţ cu ridicata specializat al altor produse
4684;Comerţ cu ridicata al echipamentelor şi furniturilor de fierărie pentru instalaţii sanitare şi de încălzire;"SECŢIUNEA G - COMERŢ CU RIDICATA ŞI CU AMĂNUNTUL;";46;Comerţ cu ridicata;468;Comerţ cu ridicata specializat al altor produse
4685;Comerţ cu ridicata al produselor chimice;"SECŢIUNEA G - COMERŢ CU RIDICATA ŞI CU AMĂNUNTUL;";46;Comerţ cu ridicata;468;Comerţ cu ridicata specializat al altor produse
4686;Comerţ cu ridicata al altor produse intermediare;"SECŢIUNEA G - COMERŢ CU RIDICATA ŞI CU AMĂNUNTUL;";46;Comerţ cu ridicata;468;Comerţ cu ridicata specializat al altor produse
4687;Comerţ cu ridicata al deşeurilor şi resturilor;"SECŢIUNEA G - COMERŢ CU RIDICATA ŞI CU AMĂNUNTUL;";46;Comerţ cu ridicata;468;Comerţ cu ridicata specializat al altor produse
4689;Comerţ cu ridicata specializat al altor produse n.c.a.;"SECŢIUNEA G - COMERŢ CU RIDICATA ŞI CU AMĂNUNTUL;";46;Comerţ cu ridicata;468;Comerţ cu ridicata specializat al altor produse
4690;Comerţ cu ridicata nespecializat;"SECŢIUNEA G - COMERŢ CU RIDICATA ŞI CU AMĂNUNTUL;";46;Comerţ cu ridicata;469;Comerţ cu ridicata nespecializat
4711;Comerţ cu amănuntul nespecializat, cu vânzare predominantă de produse alimentare, băuturi şi tutun;"SECŢIUNEA G - COMERŢ CU RIDICATA ŞI CU AMĂNUNTUL;";47;Comerţ cu amănuntul;471;Comerţ cu amănuntul nespecializat
4712;Comerţ cu amănuntul nespecializat, cu vânzare predominantă de produse nealimentare;"SECŢIUNEA G - COMERŢ CU RIDICATA ŞI CU AMĂNUNTUL;";47;Comerţ cu amănuntul;471;Comerţ cu amănuntul nespecializat
4721;Comerţ cu amănuntul al fructelor şi legumelor proaspete;"SECŢIUNEA G - COMERŢ CU RIDICATA ŞI CU AMĂNUNTUL;";47;Comerţ cu amănuntul;472;Comerţ cu amănuntul al produselor alimentare, băuturilor şi al produselor din tutun
4722;Comerţ cu amănuntul al cărnii şi al produselor din carne;"SECŢIUNEA G - COMERŢ CU RIDICATA ŞI CU AMĂNUNTUL;";47;Comerţ cu amănuntul;472;Comerţ cu amănuntul al produselor alimentare, băuturilor şi al produselor din tutun
4723;Comerţ cu amănuntul al peştelui, crustaceelor şi moluştelor;"SECŢIUNEA G - COMERŢ CU RIDICATA ŞI CU AMĂNUNTUL;";47;Comerţ cu amănuntul;472;Comerţ cu amănuntul al produselor alimentare, băuturilor şi al produselor din tutun
4724;Comerţ cu amănuntul al pâinii, produselor de patiserie şi produselor zaharoase;"SECŢIUNEA G - COMERŢ CU RIDICATA ŞI CU AMĂNUNTUL;";47;Comerţ cu amănuntul;472;Comerţ cu amănuntul al produselor alimentare, băuturilor şi al produselor din tutun
4725;Comerţ cu amănuntul al băuturilor;"SECŢIUNEA G - COMERŢ CU RIDICATA ŞI CU AMĂNUNTUL;";47;Comerţ cu amănuntul;472;Comerţ cu amănuntul al produselor alimentare, băuturilor şi al produselor din tutun
4726;Comerţ cu amănuntul al produselor din tutun;"SECŢIUNEA G - COMERŢ CU RIDICATA ŞI CU AMĂNUNTUL;";47;Comerţ cu amănuntul;472;Comerţ cu amănuntul al produselor alimentare, băuturilor şi al produselor din tutun
4727;Comerţ cu amănuntul al altor produse alimentare;"SECŢIUNEA G - COMERŢ CU RIDICATA ŞI CU AMĂNUNTUL;";47;Comerţ cu amănuntul;472;Comerţ cu amănuntul al produselor alimentare, băuturilor şi al produselor din tutun
4730;Comerţ cu amănuntul al carburanţilor pentru autovehicule;"SECŢIUNEA G - COMERŢ CU RIDICATA ŞI CU AMĂNUNTUL;";47;Comerţ cu amănuntul;473;Comerţ cu amănuntul al carburanţilor pentru autovehicule î
4740;Comerţ cu amănuntul al echipamentului informatic şi de telecomunicaţii;"SECŢIUNEA G - COMERŢ CU RIDICATA ŞI CU AMĂNUNTUL;";47;Comerţ cu amănuntul;474;Comerţ cu amănuntul al echipamentului informatic şi de telecomunicaţii
4751;Comerţ cu amănuntul al textilelor;"SECŢIUNEA G - COMERŢ CU RIDICATA ŞI CU AMĂNUNTUL;";47;Comerţ cu amănuntul;475;Comerţ cu amănuntul al altor produse casnice
4752;Comerţ cu amănuntul al articolelor de fierărie, al materialelor de construcții, al articolelor din sticlă şi a celor pentru vopsit;"SECŢIUNEA G - COMERŢ CU RIDICATA ŞI CU AMĂNUNTUL;";47;Comerţ cu amănuntul;475;Comerţ cu amănuntul al altor produse casnice
4753;Comerţ cu amănuntul al covoarelor, carpetelor, tapetelor şi a altor acoperitoare de podea;"SECŢIUNEA G - COMERŢ CU RIDICATA ŞI CU AMĂNUNTUL;";47;Comerţ cu amănuntul;475;Comerţ cu amănuntul al altor produse casnice
4754;Comerţ cu amănuntul al articolelor şi aparatelor electrocasnice;"SECŢIUNEA G - COMERŢ CU RIDICATA ŞI CU AMĂNUNTUL;";47;Comerţ cu amănuntul;475;Comerţ cu amănuntul al altor produse casnice
4755;Comerţ cu amănuntul al mobilei, al articolelor de iluminat şi al altor articole de uz casnic n.c.a.;"SECŢIUNEA G - COMERŢ CU RIDICATA ŞI CU AMĂNUNTUL;";47;Comerţ cu amănuntul;475;Comerţ cu amănuntul al altor produse casnice
4761;Comerţ cu amănuntul al cărţilor;"SECŢIUNEA G - COMERŢ CU RIDICATA ŞI CU AMĂNUNTUL;";47;Comerţ cu amănuntul;476;Comerţ cu amănuntul de bunuri culturale şi recreative
4762;Comerţ cu amănuntul al ziarelor şi articolelor de papetărie;"SECŢIUNEA G - COMERŢ CU RIDICATA ŞI CU AMĂNUNTUL;";47;Comerţ cu amănuntul;476;Comerţ cu amănuntul de bunuri culturale şi recreative
4763;Comerţ cu amănuntul al echipamentelor sportive;"SECŢIUNEA G - COMERŢ CU RIDICATA ŞI CU AMĂNUNTUL;";47;Comerţ cu amănuntul;476;Comerţ cu amănuntul de bunuri culturale şi recreative
4764;Comerţ cu amănuntul al jocurilor şi jucăriilor;"SECŢIUNEA G - COMERŢ CU RIDICATA ŞI CU AMĂNUNTUL;";47;Comerţ cu amănuntul;476;Comerţ cu amănuntul de bunuri culturale şi recreative
4769;Comerţ cu amănuntul de bunuri culturale şi recreative n.c.a.;"SECŢIUNEA G - COMERŢ CU RIDICATA ŞI CU AMĂNUNTUL;";47;Comerţ cu amănuntul;476;Comerţ cu amănuntul de bunuri culturale şi recreative
4771;Comerţ cu amănuntul al îmbrăcămintei;"SECŢIUNEA G - COMERŢ CU RIDICATA ŞI CU AMĂNUNTUL;";47;Comerţ cu amănuntul;477;Comerţ cu amănuntul al altor bunuri, cu excepţia autovehiculelor şi motociclete
4772;Comerţ cu amănuntul al încălţămintei şi articolelor din piele;"SECŢIUNEA G - COMERŢ CU RIDICATA ŞI CU AMĂNUNTUL;";47;Comerţ cu amănuntul;477;Comerţ cu amănuntul al altor bunuri, cu excepţia autovehiculelor şi motociclete
4773;Comerţ cu amănuntul al produselor farmaceutice;"SECŢIUNEA G - COMERŢ CU RIDICATA ŞI CU AMĂNUNTUL;";47;Comerţ cu amănuntul;477;Comerţ cu amănuntul al altor bunuri, cu excepţia autovehiculelor şi motociclete
4774;Comerţ cu amănuntul al articolelor medicale şi ortopedice;"SECŢIUNEA G - COMERŢ CU RIDICATA ŞI CU AMĂNUNTUL;";47;Comerţ cu amănuntul;477;Comerţ cu amănuntul al altor bunuri, cu excepţia autovehiculelor şi motociclete
4775;Comerţ cu amănuntul al produselor cosmetice şi de parfumerie;"SECŢIUNEA G - COMERŢ CU RIDICATA ŞI CU AMĂNUNTUL;";47;Comerţ cu amănuntul;477;Comerţ cu amănuntul al altor bunuri, cu excepţia autovehiculelor şi motociclete
4776;"Comerţ cu amănuntul al florilor, plantelor şi seminţelor; comerţ cu amănuntul al animalelor de companie şi a hranei pentru acestea";"SECŢIUNEA G - COMERŢ CU RIDICATA ŞI CU AMĂNUNTUL;";47;Comerţ cu amănuntul;477;Comerţ cu amănuntul al altor bunuri, cu excepţia autovehiculelor şi motociclete
4777;Comerţ cu amănuntul al ceasurilor şi bijuteriilor;"SECŢIUNEA G - COMERŢ CU RIDICATA ŞI CU AMĂNUNTUL;";47;Comerţ cu amănuntul;477;Comerţ cu amănuntul al altor bunuri, cu excepţia autovehiculelor şi motociclete
4778;Comerţ cu amănuntul al altor bunuri noi;"SECŢIUNEA G - COMERŢ CU RIDICATA ŞI CU AMĂNUNTUL;";47;Comerţ cu amănuntul;477;Comerţ cu amănuntul al altor bunuri, cu excepţia autovehiculelor şi motociclete
4779;Comerţ cu amănuntul al bunurilor de ocazie;"SECŢIUNEA G - COMERŢ CU RIDICATA ŞI CU AMĂNUNTUL;";47;Comerţ cu amănuntul;477;Comerţ cu amănuntul al altor bunuri, cu excepţia autovehiculelor şi motociclete
4781;Comerţ cu amănuntul al autovehiculelor;"SECŢIUNEA G - COMERŢ CU RIDICATA ŞI CU AMĂNUNTUL;";47;Comerţ cu amănuntul;478;"Comerţ cu amănuntul al autovehiculelor şi motocicletelor; comerţ cu amănuntul al pieselor şi accesoriilor pentru autovehicule și motociclete"
4782;Comerţ cu amănuntul al pieselor şi accesoriilor pentru autovehicule;"SECŢIUNEA G - COMERŢ CU RIDICATA ŞI CU AMĂNUNTUL;";47;Comerţ cu amănuntul;478;"Comerţ cu amănuntul al autovehiculelor şi motocicletelor; comerţ cu amănuntul al pieselor şi accesoriilor pentru autovehicule și motociclete"
4783;"Comerţ cu amănuntul al motocicletelor; comerț cu amănuntul al pieselor şi accesoriilor pentru motociclete";"SECŢIUNEA G - COMERŢ CU RIDICATA ŞI CU AMĂNUNTUL;";47;Comerţ cu amănuntul;478;"Comerţ cu amănuntul al autovehiculelor şi motocicletelor; comerţ cu amănuntul al pieselor şi accesoriilor pentru autovehicule și motociclete"
4791;Intermedieri în comerţul cu amănuntul nespecializat;"SECŢIUNEA G - COMERŢ CU RIDICATA ŞI CU AMĂNUNTUL;";47;Comerţ cu amănuntul;479;Activităţi de intermediere în comerţul cu amănuntul
4792;Intermedieri în comerţul cu amănuntul specializat;"SECŢIUNEA G - COMERŢ CU RIDICATA ŞI CU AMĂNUNTUL;";47;Comerţ cu amănuntul;479;Activităţi de intermediere în comerţul cu amănuntul
4911;Transport de pasageri pe căi ferate grele/magistrale;SECŢIUNEA H - TRANSPORT ŞI DEPOZITARE;49;Transporturi terestre şi transporturi prin conducte;491;Transporturi de călători pe calea ferată
4912;Alte transporturi de pasageri pe căi ferate ușoare;SECŢIUNEA H - TRANSPORT ŞI DEPOZITARE;49;Transporturi terestre şi transporturi prin conducte;491;Transporturi de călători pe calea ferată
4920;Transporturi de marfă pe calea ferată;SECŢIUNEA H - TRANSPORT ŞI DEPOZITARE;49;Transporturi terestre şi transporturi prin conducte;492;Transporturi de marfă pe calea ferată
4931;Transporturi terestre de pasageri, pe bază de grafic;SECŢIUNEA H - TRANSPORT ŞI DEPOZITARE;49;Transporturi terestre şi transporturi prin conducte;493;Alte transporturi terestre de călători
4932;Transporturi terestre de pasageri, ocazionale;SECŢIUNEA H - TRANSPORT ŞI DEPOZITARE;49;Transporturi terestre şi transporturi prin conducte;493;Alte transporturi terestre de călători
4933;Transporturi terestre de pasageri cu vehicule cu șofer, pe bază de comandă;SECŢIUNEA H - TRANSPORT ŞI DEPOZITARE;49;Transporturi terestre şi transporturi prin conducte;493;Alte transporturi terestre de călători
4934;Transporturi de pasageri cu funiculare, teleferice și schilifturi;SECŢIUNEA H - TRANSPORT ŞI DEPOZITARE;49;Transporturi terestre şi transporturi prin conducte;493;Alte transporturi terestre de călători
4939;Alte transporturi terestre de călători n.c.a.;SECŢIUNEA H - TRANSPORT ŞI DEPOZITARE;49;Transporturi terestre şi transporturi prin conducte;493;Alte transporturi terestre de călători
4941;Transporturi rutiere de mărfuri;SECŢIUNEA H - TRANSPORT ŞI DEPOZITARE;49;Transporturi terestre şi transporturi prin conducte;494;Transporturi rutiere de mărfuri şi servicii de mutare
4942;Servicii de mutare;SECŢIUNEA H - TRANSPORT ŞI DEPOZITARE;49;Transporturi terestre şi transporturi prin conducte;494;Transporturi rutiere de mărfuri şi servicii de mutare
4950;Transporturi prin conducte;SECŢIUNEA H - TRANSPORT ŞI DEPOZITARE;49;Transporturi terestre şi transporturi prin conducte;495;Transporturi prin conducte
5010;Transporturi maritime şi costiere de pasageri;SECŢIUNEA H - TRANSPORT ŞI DEPOZITARE;50;Transporturi pe apă;501;Transporturi maritime şi costiere de pasageri
5020;Transporturi maritime şi costiere de marfă;SECŢIUNEA H - TRANSPORT ŞI DEPOZITARE;50;Transporturi pe apă;502;Transporturi maritime şi costiere de marfă
5030;Transportul de pasageri pe căi navigabile interioare;SECŢIUNEA H - TRANSPORT ŞI DEPOZITARE;50;Transporturi pe apă;503;Transporturi de pasageri pe căi navigabile interioare
5040;Transportul de marfă pe căi navigabile interioare;SECŢIUNEA H - TRANSPORT ŞI DEPOZITARE;50;Transporturi pe apă;504;Transportul de marfă pe căi navigabile interioare
5110;Transporturi aeriene de pasageri;SECŢIUNEA H - TRANSPORT ŞI DEPOZITARE;51;Transporturi aeriene;511;Transporturi aeriene de pasageri
5121;Transporturi aeriene de marfă;SECŢIUNEA H - TRANSPORT ŞI DEPOZITARE;51;Transporturi aeriene;512;Transporturi aeriene de marfă şi transporturi spaţiale
5122;Transporturi spaţiale;SECŢIUNEA H - TRANSPORT ŞI DEPOZITARE;51;Transporturi aeriene;512;Transporturi aeriene de marfă şi transporturi spaţiale
5210;Depozitări;SECŢIUNEA H - TRANSPORT ŞI DEPOZITARE;52;Depozitare şi activităţi auxiliare pentru transporturi;521;Depozitări
5221;Activităţi de servicii anexe pentru transporturi terestre;SECŢIUNEA H - TRANSPORT ŞI DEPOZITARE;52;Depozitare şi activităţi auxiliare pentru transporturi;522;Activităţi anexe pentru transporturi
5222;Activităţi de servicii anexe transporturilor pe apă;SECŢIUNEA H - TRANSPORT ŞI DEPOZITARE;52;Depozitare şi activităţi auxiliare pentru transporturi;522;Activităţi anexe pentru transporturi
5223;Activităţi de servicii anexe transporturilor aeriene;SECŢIUNEA H - TRANSPORT ŞI DEPOZITARE;52;Depozitare şi activităţi auxiliare pentru transporturi;522;Activităţi anexe pentru transporturi
5224;Manipulări;SECŢIUNEA H - TRANSPORT ŞI DEPOZITARE;52;Depozitare şi activităţi auxiliare pentru transporturi;522;Activităţi anexe pentru transporturi
5225;Activități de servicii logistice pentru transporturi;SECŢIUNEA H - TRANSPORT ŞI DEPOZITARE;52;Depozitare şi activităţi auxiliare pentru transporturi;522;Activităţi anexe pentru transporturi
5226;Alte activităţi anexe transporturilor;SECŢIUNEA H - TRANSPORT ŞI DEPOZITARE;52;Depozitare şi activităţi auxiliare pentru transporturi;522;Activităţi anexe pentru transporturi
5231;Activităţi de intermediere pentru transportul de marfă;SECŢIUNEA H - TRANSPORT ŞI DEPOZITARE;52;Depozitare şi activităţi auxiliare pentru transporturi;523;Activităţi de intermediere pentru transporturi
5232;Activităţi de intermediere pentru transportul de pasageri;SECŢIUNEA H - TRANSPORT ŞI DEPOZITARE;52;Depozitare şi activităţi auxiliare pentru transporturi;523;Activităţi de intermediere pentru transporturi
5310;Activităţi poştale desfăşurate sub obligativitatea serviciului universal;SECŢIUNEA H - TRANSPORT ŞI DEPOZITARE;53;Activităţi de poştă şi de curier;531;Activităţi poştale desfăşurate sub obligativitatea serviciului universal
5320;Alte activităţi poştale şi de curier;SECŢIUNEA H - TRANSPORT ŞI DEPOZITARE;53;Activităţi de poştă şi de curier;532;Alte activităţi poştale şi de curier
5330;Servicii de intermediere pentru activităţi poştale şi de curier;SECŢIUNEA H - TRANSPORT ŞI DEPOZITARE;53;Activităţi de poştă şi de curier;533;Servicii de intermediere pentru activităţi poştale şi de curier
5510;Hoteluri şi alte facilităţi de cazare similare;SECŢIUNEA I - HOTELURI ŞI RESTAURANTE;55;Hoteluri şi alte facilităţi de cazare;551;Hoteluri şi alte facilităţi de cazare similare
5520;Facilităţi de cazare pentru vacanţe şi perioade de scurtă durată;SECŢIUNEA I - HOTELURI ŞI RESTAURANTE;55;Hoteluri şi alte facilităţi de cazare;552;Facilităţi de cazare pentru vacanţe şi perioade de scurtă durată
5530;Parcuri pentru rulote, campinguri şi tabere;SECŢIUNEA I - HOTELURI ŞI RESTAURANTE;55;Hoteluri şi alte facilităţi de cazare;553;Parcuri pentru rulote, campinguri şi tabere
5540;Intermedieri pentru servicii de cazare;SECŢIUNEA I - HOTELURI ŞI RESTAURANTE;55;Hoteluri şi alte facilităţi de cazare;554;Intermedieri pentru servicii de cazare
5590;Alte servicii de cazare;SECŢIUNEA I - HOTELURI ŞI RESTAURANTE;55;Hoteluri şi alte facilităţi de cazare;559;Alte servicii de cazare
5611;Restaurante;SECŢIUNEA I - HOTELURI ŞI RESTAURANTE;56;Restaurante şi alte activităţi de servicii de alimentaţie;561;Restaurante
5612;Activități ale unităților mobile de alimentație;SECŢIUNEA I - HOTELURI ŞI RESTAURANTE;56;Restaurante şi alte activităţi de servicii de alimentaţie;561;Restaurante
5621;Activităţi de alimentaţie (catering) pentru evenimente;SECŢIUNEA I - HOTELURI ŞI RESTAURANTE;56;Restaurante şi alte activităţi de servicii de alimentaţie;562;Activităţi de alimentaţie (catering) pentru evenimente şi alte servicii de alimentaţie
5622;Alte servicii de alimentaţie n.c.a.;SECŢIUNEA I - HOTELURI ŞI RESTAURANTE;56;Restaurante şi alte activităţi de servicii de alimentaţie;562;Activităţi de alimentaţie (catering) pentru evenimente şi alte servicii de alimentaţie
5630;Baruri şi alte activităţi de servire a băuturilor;SECŢIUNEA I - HOTELURI ŞI RESTAURANTE;56;Restaurante şi alte activităţi de servicii de alimentaţie;563;Baruri şi alte activităţi de servire a băuturilor
5640;Intermedieri pentru servicii de alimentație și de servire a băuturilor;SECŢIUNEA I - HOTELURI ŞI RESTAURANTE;56;Restaurante şi alte activităţi de servicii de alimentaţie;564;Intermedieri pentru servicii de alimentație și de servire a băuturilor
5811;Activităţi de editare a cărţilor;"SECŢIUNEA J - ACTIVITĂȚI DE EDITARE; DIFUZAREA DE PROGRAME DE RADIO ȘI TELEVIZIUNE; ACTIVITĂȚI DE PRODUCȚIE ȘI DISTRIBUȚIE DE CONȚINUTURI";58;Activităţi de editare;581;Activităţi de editare a cărţilor, ziarelor, revistelor şi alte activităţi de editare
5812;Activităţi de editare a ziarelor;"SECŢIUNEA J - ACTIVITĂȚI DE EDITARE; DIFUZAREA DE PROGRAME DE RADIO ȘI TELEVIZIUNE; ACTIVITĂȚI DE PRODUCȚIE ȘI DISTRIBUȚIE DE CONȚINUTURI";58;Activităţi de editare;581;Activităţi de editare a cărţilor, ziarelor, revistelor şi alte activităţi de editare
5813;Activităţi de editare a revistelor şi periodicelor;"SECŢIUNEA J - ACTIVITĂȚI DE EDITARE; DIFUZAREA DE PROGRAME DE RADIO ȘI TELEVIZIUNE; ACTIVITĂȚI DE PRODUCȚIE ȘI DISTRIBUȚIE DE CONȚINUTURI";58;Activităţi de editare;581;Activităţi de editare a cărţilor, ziarelor, revistelor şi alte activităţi de editare
5819;Alte activităţi de editare;"SECŢIUNEA J - ACTIVITĂȚI DE EDITARE; DIFUZAREA DE PROGRAME DE RADIO ȘI TELEVIZIUNE; ACTIVITĂȚI DE PRODUCȚIE ȘI DISTRIBUȚIE DE CONȚINUTURI";58;Activităţi de editare;581;Activităţi de editare a cărţilor, ziarelor, revistelor şi alte activităţi de editare
5821;Activităţi de editare a jocurilor de calculator;"SECŢIUNEA J - ACTIVITĂȚI DE EDITARE; DIFUZAREA DE PROGRAME DE RADIO ȘI TELEVIZIUNE; ACTIVITĂȚI DE PRODUCȚIE ȘI DISTRIBUȚIE DE CONȚINUTURI";58;Activităţi de editare;582;Activităţi de editare a produselor software
5829;Activităţi de editare a altor produse software;"SECŢIUNEA J - ACTIVITĂȚI DE EDITARE; DIFUZAREA DE PROGRAME DE RADIO ȘI TELEVIZIUNE; ACTIVITĂȚI DE PRODUCȚIE ȘI DISTRIBUȚIE DE CONȚINUTURI";58;Activităţi de editare;582;Activităţi de editare a produselor software
5911;Activităţi de producţie cinematografică, video şi de programe de televiziune;"SECŢIUNEA J - ACTIVITĂȚI DE EDITARE; DIFUZAREA DE PROGRAME DE RADIO ȘI TELEVIZIUNE; ACTIVITĂȚI DE PRODUCȚIE ȘI DISTRIBUȚIE DE CONȚINUTURI";59;"Activităţi de producţie cinematografică, video şi de programe de televiziune; înregistrări audio şi activităţi de editare muzicală";591;Activităţi de producţie cinematografică, video şi de programe de televiziune
5912;Activităţi post-producţie cinematografică, video şi de programe de televiziune;"SECŢIUNEA J - ACTIVITĂȚI DE EDITARE; DIFUZAREA DE PROGRAME DE RADIO ȘI TELEVIZIUNE; ACTIVITĂȚI DE PRODUCȚIE ȘI DISTRIBUȚIE DE CONȚINUTURI";59;"Activităţi de producţie cinematografică, video şi de programe de televiziune; înregistrări audio şi activităţi de editare muzicală";591;Activităţi de producţie cinematografică, video şi de programe de televiziune
5913;Activităţi de distribuţie a filmelor cinematografice, video şi a programelor de televiziune;"SECŢIUNEA J - ACTIVITĂȚI DE EDITARE; DIFUZAREA DE PROGRAME DE RADIO ȘI TELEVIZIUNE; ACTIVITĂȚI DE PRODUCȚIE ȘI DISTRIBUȚIE DE CONȚINUTURI";59;"Activităţi de producţie cinematografică, video şi de programe de televiziune; înregistrări audio şi activităţi de editare muzicală";591;Activităţi de producţie cinematografică, video şi de programe de televiziune
5914;Proiecţia de filme cinematografice;"SECŢIUNEA J - ACTIVITĂȚI DE EDITARE; DIFUZAREA DE PROGRAME DE RADIO ȘI TELEVIZIUNE; ACTIVITĂȚI DE PRODUCȚIE ȘI DISTRIBUȚIE DE CONȚINUTURI";59;"Activităţi de producţie cinematografică, video şi de programe de televiziune; înregistrări audio şi activităţi de editare muzicală";591;Activităţi de producţie cinematografică, video şi de programe de televiziune
5920;Activităţi de realizare a înregistrărilor audio şi activităţi de editare muzicală;"SECŢIUNEA J - ACTIVITĂȚI DE EDITARE; DIFUZAREA DE PROGRAME DE RADIO ȘI TELEVIZIUNE; ACTIVITĂȚI DE PRODUCȚIE ȘI DISTRIBUȚIE DE CONȚINUTURI";59;"Activităţi de producţie cinematografică, video şi de programe de televiziune; înregistrări audio şi activităţi de editare muzicală";592;Activităţi de realizare a înregistrărilor audio şi activităţi de editare muzicală
6010;Activităţi radiodifuziune, activități de distribuție de programe audio;"SECŢIUNEA J - ACTIVITĂȚI DE EDITARE; DIFUZAREA DE PROGRAME DE RADIO ȘI TELEVIZIUNE; ACTIVITĂȚI DE PRODUCȚIE ȘI DISTRIBUȚIE DE CONȚINUTURI";60;Activităţi de difuzare şi transmitere de programe, agenții de știri și alte activitoți de distribuție de conținut;601;Activităţi radiodifuziune, activități de distribuție de programe audio
6020;Activităţi de difuzare a programelor de televiziune, activități de distribuție de programe video;"SECŢIUNEA J - ACTIVITĂȚI DE EDITARE; DIFUZAREA DE PROGRAME DE RADIO ȘI TELEVIZIUNE; ACTIVITĂȚI DE PRODUCȚIE ȘI DISTRIBUȚIE DE CONȚINUTURI";60;Activităţi de difuzare şi transmitere de programe, agenții de știri și alte activitoți de distribuție de conținut;602;Activităţi de difuzare a programelor de televiziune, activități de distribuție de programe video
6031;Activităţi ale agenţiilor de ştiri;"SECŢIUNEA J - ACTIVITĂȚI DE EDITARE; DIFUZAREA DE PROGRAME DE RADIO ȘI TELEVIZIUNE; ACTIVITĂȚI DE PRODUCȚIE ȘI DISTRIBUȚIE DE CONȚINUTURI";60;Activităţi de difuzare şi transmitere de programe, agenții de știri și alte activitoți de distribuție de conținut;603;Activităţi ale agenţiilor de ştiri și de distribuție a altor conținuturi
6039;Activități de distribuție a altor conținuturi;"SECŢIUNEA J - ACTIVITĂȚI DE EDITARE; DIFUZAREA DE PROGRAME DE RADIO ȘI TELEVIZIUNE; ACTIVITĂȚI DE PRODUCȚIE ȘI DISTRIBUȚIE DE CONȚINUTURI";60;Activităţi de difuzare şi transmitere de programe, agenții de știri și alte activitoți de distribuție de conținut;603;Activităţi ale agenţiilor de ştiri și de distribuție a altor conținuturi
6110;Activităţi de telecomunicaţii prin reţele cu cablu, prin rețele fără cablu și prin satelit;"SECŢIUNEA K – TELECOMUNICAȚII; ACTIVITĂȚI DE PROGRAMARE ȘI DE CONSULTANȚĂ ÎN TEHNOLOGIA INFORMAȚIEI; ALTE SERVICII INFORMAȚIONALE";61;Telecomunicaţii;611;Activităţi de telecomunicaţii prin reţele cu cablu, prin rețele fără cablu și prin satelit
6120;Activități de revânzare a serviciilor de telecomunicații și servicii de intermediere pentru telecomunicații;"SECŢIUNEA K – TELECOMUNICAȚII; ACTIVITĂȚI DE PROGRAMARE ȘI DE CONSULTANȚĂ ÎN TEHNOLOGIA INFORMAȚIEI; ALTE SERVICII INFORMAȚIONALE";61;Telecomunicaţii;612;Activități de revânzare a serviciilor de telecomunicații și servicii de intermediere pentru telecomunicații
6190;Alte activităţi de telecomunicaţii;"SECŢIUNEA K – TELECOMUNICAȚII; ACTIVITĂȚI DE PROGRAMARE ȘI DE CONSULTANȚĂ ÎN TEHNOLOGIA INFORMAȚIEI; ALTE SERVICII INFORMAȚIONALE";61;Telecomunicaţii;619;Alte activităţi de telecomunicaţii
6210;Activităţi de realizare a soft-ului la comandă (software orientat client);"SECŢIUNEA K – TELECOMUNICAȚII; ACTIVITĂȚI DE PROGRAMARE ȘI DE CONSULTANȚĂ ÎN TEHNOLOGIA INFORMAȚIEI; ALTE SERVICII INFORMAȚIONALE";62;Activităţi de programare și activități de consultanță în tehnologia informaţiei;621;Activităţi de programare
6220;Activităţi de consultanţă în tehnologia informaţiei și de management (gestiune şi exploatare) a mijloacelor de calcul;"SECŢIUNEA K – TELECOMUNICAȚII; ACTIVITĂȚI DE PROGRAMARE ȘI DE CONSULTANȚĂ ÎN TEHNOLOGIA INFORMAȚIEI; ALTE SERVICII INFORMAȚIONALE";62;Activităţi de programare și activități de consultanță în tehnologia informaţiei;622;Activităţi de consultanţă în tehnologia informaţiei și de management (gestiune şi exploatare) a mijloacelor de calcul
6290;Alte activităţi de servicii privind tehnologia informaţiei;"SECŢIUNEA K – TELECOMUNICAȚII; ACTIVITĂȚI DE PROGRAMARE ȘI DE CONSULTANȚĂ ÎN TEHNOLOGIA INFORMAȚIEI; ALTE SERVICII INFORMAȚIONALE";62;Activităţi de programare și activități de consultanță în tehnologia informaţiei;629;Alte activităţi de servicii privind tehnologia informaţiei
6310;Prelucrarea datelor, administrarea paginilor web şi activităţi conexe;"SECŢIUNEA K – TELECOMUNICAȚII; ACTIVITĂȚI DE PROGRAMARE ȘI DE CONSULTANȚĂ ÎN TEHNOLOGIA INFORMAȚIEI; ALTE SERVICII INFORMAȚIONALE";63;Activităţi ale portalurilor web, prelucrarea datelor, administrarea paginilor web şi activităţi conexe;631;Prelucrarea datelor, administrarea paginilor web şi activităţi conexe
6391;Activităţi ale portalurilor web;"SECŢIUNEA K – TELECOMUNICAȚII; ACTIVITĂȚI DE PROGRAMARE ȘI DE CONSULTANȚĂ ÎN TEHNOLOGIA INFORMAȚIEI; ALTE SERVICII INFORMAȚIONALE";63;Activităţi ale portalurilor web, prelucrarea datelor, administrarea paginilor web şi activităţi conexe;639;Activităţi ale portalurilor web și alte activităţi de servicii informaţionale
6392;Alte activităţi de servicii informaţionale n.c. a;"SECŢIUNEA K – TELECOMUNICAȚII; ACTIVITĂȚI DE PROGRAMARE ȘI DE CONSULTANȚĂ ÎN TEHNOLOGIA INFORMAȚIEI; ALTE SERVICII INFORMAȚIONALE";63;Activităţi ale portalurilor web, prelucrarea datelor, administrarea paginilor web şi activităţi conexe;639;Activităţi ale portalurilor web și alte activităţi de servicii informaţionale
6411;Activităţi ale băncii centrale (naţionale);SECŢIUNEA L- INTERMEDIERI FINANCIARE ŞI ASIGURARI;64;Intermedieri financiare, cu excepţia activităţilor de asigurări şi ale fondurilor de pensii;641;Intermediere monetară
6419;Alte activităţi de intermedieri monetare;SECŢIUNEA L- INTERMEDIERI FINANCIARE ŞI ASIGURARI;64;Intermedieri financiare, cu excepţia activităţilor de asigurări şi ale fondurilor de pensii;641;Intermediere monetară
6421;Activităţi ale holding-urilor;SECŢIUNEA L- INTERMEDIERI FINANCIARE ŞI ASIGURARI;64;Intermedieri financiare, cu excepţia activităţilor de asigurări şi ale fondurilor de pensii;642;Activităţi ale holding-urilor și canalelor de finanțare
6422;Activităţi ale canalelor de finanțare;SECŢIUNEA L- INTERMEDIERI FINANCIARE ŞI ASIGURARI;64;Intermedieri financiare, cu excepţia activităţilor de asigurări şi ale fondurilor de pensii;642;Activităţi ale holding-urilor și canalelor de finanțare
6431;Activități ale fondurilor de investiții de pe piața monetară și ale fondurilor de investiții din afara pieței monetare;SECŢIUNEA L- INTERMEDIERI FINANCIARE ŞI ASIGURARI;64;Intermedieri financiare, cu excepţia activităţilor de asigurări şi ale fondurilor de pensii;643;"Activități ale fondurilor de investiții; fonduri mutuale şi alte entităţi financiare similare"
6432;Fonduri mutuale şi alte entităţi financiare similare;SECŢIUNEA L- INTERMEDIERI FINANCIARE ŞI ASIGURARI;64;Intermedieri financiare, cu excepţia activităţilor de asigurări şi ale fondurilor de pensii;643;"Activități ale fondurilor de investiții; fonduri mutuale şi alte entităţi financiare similare"
6491;Leasing financiar;SECŢIUNEA L- INTERMEDIERI FINANCIARE ŞI ASIGURARI;64;Intermedieri financiare, cu excepţia activităţilor de asigurări şi ale fondurilor de pensii;649;Alte activităţi de intermedieri financiare, exceptând activităţi de asigurări şi fonduri de pensii
6492;Alte activităţi de creditare;SECŢIUNEA L- INTERMEDIERI FINANCIARE ŞI ASIGURARI;64;Intermedieri financiare, cu excepţia activităţilor de asigurări şi ale fondurilor de pensii;649;Alte activităţi de intermedieri financiare, exceptând activităţi de asigurări şi fonduri de pensii
6499;Alte intermedieri financiare n.c.a., exceptând activităţi de asigurări şi fonduri de pensii;SECŢIUNEA L- INTERMEDIERI FINANCIARE ŞI ASIGURARI;64;Intermedieri financiare, cu excepţia activităţilor de asigurări şi ale fondurilor de pensii;649;Alte activităţi de intermedieri financiare, exceptând activităţi de asigurări şi fonduri de pensii
6511;Activităţi de asigurări de viaţă;SECŢIUNEA L- INTERMEDIERI FINANCIARE ŞI ASIGURARI;65;Activităţi de asigurări, reasigurări şi ale fondurilor de pensii (cu excepţia celor din sistemul public de asigurări sociale);651;Activităţi de asigurări
6512;Alte activităţi de asigurări (exceptând asigurările de viaţă);SECŢIUNEA L- INTERMEDIERI FINANCIARE ŞI ASIGURARI;65;Activităţi de asigurări, reasigurări şi ale fondurilor de pensii (cu excepţia celor din sistemul public de asigurări sociale);651;Activităţi de asigurări
6520;Activităţi de reasigurare;SECŢIUNEA L- INTERMEDIERI FINANCIARE ŞI ASIGURARI;65;Activităţi de asigurări, reasigurări şi ale fondurilor de pensii (cu excepţia celor din sistemul public de asigurări sociale);652;Activităţi de reasigurare
6530;Activităţi ale fondurilor de pensii (cu excepţia celor din sistemul public de asigurări sociale);SECŢIUNEA L- INTERMEDIERI FINANCIARE ŞI ASIGURARI;65;Activităţi de asigurări, reasigurări şi ale fondurilor de pensii (cu excepţia celor din sistemul public de asigurări sociale);653;Activităţi ale fondurilor de pensii (cu excepţia celor din sistemul public de asigurări sociale)
6611;Administrarea pieţelor financiare;SECŢIUNEA L- INTERMEDIERI FINANCIARE ŞI ASIGURARI;66;Activităţi auxiliare pentru intermedieri financiare, activităţi de asigurare şi fonduri de pensii;661;Activităţi auxiliare intermedierilor financiare, cu excepţia activităţilor de asigurări şi fonduri de pensii
6612;Activităţi de intermediere a tranzacţiilor financiare;SECŢIUNEA L- INTERMEDIERI FINANCIARE ŞI ASIGURARI;66;Activităţi auxiliare pentru intermedieri financiare, activităţi de asigurare şi fonduri de pensii;661;Activităţi auxiliare intermedierilor financiare, cu excepţia activităţilor de asigurări şi fonduri de pensii
6619;Activităţi auxiliare intermedierilor financiare, exceptând activităţi de asigurări şi fonduri de pensii;SECŢIUNEA L- INTERMEDIERI FINANCIARE ŞI ASIGURARI;66;Activităţi auxiliare pentru intermedieri financiare, activităţi de asigurare şi fonduri de pensii;661;Activităţi auxiliare intermedierilor financiare, cu excepţia activităţilor de asigurări şi fonduri de pensii
6621;Activităţi de evaluare a riscului de asigurare şi a pagubelor;SECŢIUNEA L- INTERMEDIERI FINANCIARE ŞI ASIGURARI;66;Activităţi auxiliare pentru intermedieri financiare, activităţi de asigurare şi fonduri de pensii;662;Activităţi auxiliare de asigurări şi fonduri de pensii
6622;Activităţi ale agenţilor şi broker-ilor de asigurări;SECŢIUNEA L- INTERMEDIERI FINANCIARE ŞI ASIGURARI;66;Activităţi auxiliare pentru intermedieri financiare, activităţi de asigurare şi fonduri de pensii;662;Activităţi auxiliare de asigurări şi fonduri de pensii
6629;Alte activităţi auxiliare de asigurări şi fonduri de pensii;SECŢIUNEA L- INTERMEDIERI FINANCIARE ŞI ASIGURARI;66;Activităţi auxiliare pentru intermedieri financiare, activităţi de asigurare şi fonduri de pensii;662;Activităţi auxiliare de asigurări şi fonduri de pensii
6630;Activităţi de administrare a fondurilor;SECŢIUNEA L- INTERMEDIERI FINANCIARE ŞI ASIGURARI;66;Activităţi auxiliare pentru intermedieri financiare, activităţi de asigurare şi fonduri de pensii;663;Activităţi de administrare a fondurilor
6811;Cumpărarea şi vânzarea de bunuri imobiliare proprii;SECŢIUNEA M - TRANZACŢII IMOBILIARE;68;Tranzacţii imobiliare;681;Cumpărarea şi vânzarea de bunuri imobiliare proprii și dezvoltare imobiliară
6812;Dezvoltare (promovare) imobiliară;SECŢIUNEA M - TRANZACŢII IMOBILIARE;68;Tranzacţii imobiliare;681;Cumpărarea şi vânzarea de bunuri imobiliare proprii și dezvoltare imobiliară
6820;Închirierea şi subînchirierea bunurilor imobiliare proprii sau închiriate;SECŢIUNEA M - TRANZACŢII IMOBILIARE;68;Tranzacţii imobiliare;682;Închirierea şi subînchirierea bunurilor imobiliare proprii sau închiriate
6831;Servicii de intermediere a tranzacțiilor imobiliare;SECŢIUNEA M - TRANZACŢII IMOBILIARE;68;Tranzacţii imobiliare;683;Activităţi imobiliare pe bază de comision sau contract
6832;Alte activități pentru tranzacții imobiliare pe bază de comision sau contract;SECŢIUNEA M - TRANZACŢII IMOBILIARE;68;Tranzacţii imobiliare;683;Activităţi imobiliare pe bază de comision sau contract
6910;Activităţi juridice;SECŢIUNEA N - ACTIVITĂŢI PROFESIONALE, ŞTIINŢIFICE ŞI TEHNICE;69;Activităţi juridice şi de contabilitate;691;Activităţi juridice
6920;"Activităţi de contabilitate şi audit financiar; consultanţă în domeniul fiscal";SECŢIUNEA N - ACTIVITĂŢI PROFESIONALE, ŞTIINŢIFICE ŞI TEHNICE;69;Activităţi juridice şi de contabilitate;692;"Activităţi de contabilitate şi audit financiar; consultanţă în domeniul fiscal"
7010;Activităţi ale direcţiilor(centralelor), birourilor administrative centralizate;SECŢIUNEA N - ACTIVITĂŢI PROFESIONALE, ŞTIINŢIFICE ŞI TEHNICE;70;"Activităţi ale direcţiilor(centralelor), birourilor administrative centralizate; activităţi de management şi de consultanţă în management";701;Activităţi ale direcţiilor(centralelor), birourilor administrative centralizate
7020;Activităţi de consultanţă în afaceri și management;SECŢIUNEA N - ACTIVITĂŢI PROFESIONALE, ŞTIINŢIFICE ŞI TEHNICE;70;"Activităţi ale direcţiilor(centralelor), birourilor administrative centralizate; activităţi de management şi de consultanţă în management";702;Activităţi de consultanţă în afaceri și management
7111;Activităţi de arhitectură;SECŢIUNEA N - ACTIVITĂŢI PROFESIONALE, ŞTIINŢIFICE ŞI TEHNICE;71;"Activităţi de arhitectură şi inginerie; activităţi de testări şi analiză tehnică";711;Activităţi de arhitectură, inginerie şi servicii de consultanţă tehnică legate de acestea
7112;Activităţi de inginerie şi consultanţă tehnică legate de acestea;SECŢIUNEA N - ACTIVITĂŢI PROFESIONALE, ŞTIINŢIFICE ŞI TEHNICE;71;"Activităţi de arhitectură şi inginerie; activităţi de testări şi analiză tehnică";711;Activităţi de arhitectură, inginerie şi servicii de consultanţă tehnică legate de acestea
7120;Activităţi de testări şi analize tehnice;SECŢIUNEA N - ACTIVITĂŢI PROFESIONALE, ŞTIINŢIFICE ŞI TEHNICE;71;"Activităţi de arhitectură şi inginerie; activităţi de testări şi analiză tehnică";712;Activităţi de testări şi analize tehnice
7210;Cercetare-dezvoltare în ştiinţe naturale şi inginerie;SECŢIUNEA N - ACTIVITĂŢI PROFESIONALE, ŞTIINŢIFICE ŞI TEHNICE;72;Cercetare-dezvoltare;721;Cercetare-dezvoltare în ştiinţe naturale şi inginerie
7220;Cercetare-dezvoltare în ştiinţe sociale şi umaniste;SECŢIUNEA N - ACTIVITĂŢI PROFESIONALE, ŞTIINŢIFICE ŞI TEHNICE;72;Cercetare-dezvoltare;722;Cercetare-dezvoltare în ştiinţe sociale şi umaniste
7311;Activităţi ale agenţiilor de publicitate;SECŢIUNEA N - ACTIVITĂŢI PROFESIONALE, ŞTIINŢIFICE ŞI TEHNICE;73;Publicitate, activităţi de studiere a pieţei și relatii publice;731;Publicitate
7312;Servicii de reprezentare media;SECŢIUNEA N - ACTIVITĂŢI PROFESIONALE, ŞTIINŢIFICE ŞI TEHNICE;73;Publicitate, activităţi de studiere a pieţei și relatii publice;731;Publicitate
7320;Activităţi de studiere a pieţei şi de sondare a opiniei publice;SECŢIUNEA N - ACTIVITĂŢI PROFESIONALE, ŞTIINŢIFICE ŞI TEHNICE;73;Publicitate, activităţi de studiere a pieţei și relatii publice;732;Activităţi de studiere a pieţei şi de sondare a opiniei publice
7330;Activităţi în domeniul relaţiilor publice şi al comunicării;SECŢIUNEA N - ACTIVITĂŢI PROFESIONALE, ŞTIINŢIFICE ŞI TEHNICE;73;Publicitate, activităţi de studiere a pieţei și relatii publice;733;Activităţi în domeniul relaţiilor publice şi al comunicării
7411;Activități de design industrial și vestimentar;SECŢIUNEA N - ACTIVITĂŢI PROFESIONALE, ŞTIINŢIFICE ŞI TEHNICE;74;Alte activităţi profesionale, stiinţifice şi tehnice;741;Activităţi de design specializat
7412;Design grafic și activități de comunicare vizuală;SECŢIUNEA N - ACTIVITĂŢI PROFESIONALE, ŞTIINŢIFICE ŞI TEHNICE;74;Alte activităţi profesionale, stiinţifice şi tehnice;741;Activităţi de design specializat
7413;Activități de design de interior;SECŢIUNEA N - ACTIVITĂŢI PROFESIONALE, ŞTIINŢIFICE ŞI TEHNICE;74;Alte activităţi profesionale, stiinţifice şi tehnice;741;Activităţi de design specializat
7414;Alte activităţi de design specializat;SECŢIUNEA N - ACTIVITĂŢI PROFESIONALE, ŞTIINŢIFICE ŞI TEHNICE;74;Alte activităţi profesionale, stiinţifice şi tehnice;741;Activităţi de design specializat
7420;Activităţi fotografice;SECŢIUNEA N - ACTIVITĂŢI PROFESIONALE, ŞTIINŢIFICE ŞI TEHNICE;74;Alte activităţi profesionale, stiinţifice şi tehnice;742;Activităţi fotografice
7430;Activităţi de traducere scrisă şi orală (interpreţi);SECŢIUNEA N - ACTIVITĂŢI PROFESIONALE, ŞTIINŢIFICE ŞI TEHNICE;74;Alte activităţi profesionale, stiinţifice şi tehnice;743;Activităţi de traducere scrisă şi orală (interpreţi)
7491;Activități de brokeraj în materie de brevete și servicii de marketing;SECŢIUNEA N - ACTIVITĂŢI PROFESIONALE, ŞTIINŢIFICE ŞI TEHNICE;74;Alte activităţi profesionale, stiinţifice şi tehnice;749;Alte activităţi profesionale, stiinţifice şi tehnice n.c.a.
7499;Alte activităţi profesionale, stiinţifice şi tehnice n.c.a.;SECŢIUNEA N - ACTIVITĂŢI PROFESIONALE, ŞTIINŢIFICE ŞI TEHNICE;74;Alte activităţi profesionale, stiinţifice şi tehnice;749;Alte activităţi profesionale, stiinţifice şi tehnice n.c.a.
7500;Activităţi veterinare;SECŢIUNEA N - ACTIVITĂŢI PROFESIONALE, ŞTIINŢIFICE ŞI TEHNICE;75;Activităţi veterinare;750;Activităţi veterinare
7711;Activităţi de închiriere şi leasing cu autoturisme şi autovehicule rutiere uşoare;SECŢIUNEA O- ACTIVITĂŢI DE SERVICII ADMINISTRATIVE ŞI ACTIVITĂŢI DE SERVICII SUPORT;77;Activităţi de închiriere şi leasing;771;Activităţi de închiriere şi leasing cu autovehicule
7712;Activităţi de închiriere şi leasing cu autovehicule rutiere grele;SECŢIUNEA O- ACTIVITĂŢI DE SERVICII ADMINISTRATIVE ŞI ACTIVITĂŢI DE SERVICII SUPORT;77;Activităţi de închiriere şi leasing;771;Activităţi de închiriere şi leasing cu autovehicule
7721;Activităţi de închiriere şi leasing cu bunuri recreaţionale şi echipament sportiv;SECŢIUNEA O- ACTIVITĂŢI DE SERVICII ADMINISTRATIVE ŞI ACTIVITĂŢI DE SERVICII SUPORT;77;Activităţi de închiriere şi leasing;772;Activităţi de închiriere şi leasing cu bunuri personale şi gospodăreşti
7722;Activităţi de închiriere şi leasing cu alte bunuri personale şi gospodăreşti n.c.a.;SECŢIUNEA O- ACTIVITĂŢI DE SERVICII ADMINISTRATIVE ŞI ACTIVITĂŢI DE SERVICII SUPORT;77;Activităţi de închiriere şi leasing;772;Activităţi de închiriere şi leasing cu bunuri personale şi gospodăreşti
7731;Activităţi de închiriere şi leasing cu maşini şi echipamente agricole;SECŢIUNEA O- ACTIVITĂŢI DE SERVICII ADMINISTRATIVE ŞI ACTIVITĂŢI DE SERVICII SUPORT;77;Activităţi de închiriere şi leasing;773;Activităţi de închiriere şi leasing cu alte maşini, echipamente şi bunuri tangibile
7732;Activităţi de închiriere şi leasing cu maşini şi echipamente pentru construcţii;SECŢIUNEA O- ACTIVITĂŢI DE SERVICII ADMINISTRATIVE ŞI ACTIVITĂŢI DE SERVICII SUPORT;77;Activităţi de închiriere şi leasing;773;Activităţi de închiriere şi leasing cu alte maşini, echipamente şi bunuri tangibile
7733;Activităţi de închiriere şi leasing cu maşini şi echipamente de birou (inclusiv calculatoare);SECŢIUNEA O- ACTIVITĂŢI DE SERVICII ADMINISTRATIVE ŞI ACTIVITĂŢI DE SERVICII SUPORT;77;Activităţi de închiriere şi leasing;773;Activităţi de închiriere şi leasing cu alte maşini, echipamente şi bunuri tangibile
7734;Activităţi de închiriere şi leasing cu echipamente de transport pe apă;SECŢIUNEA O- ACTIVITĂŢI DE SERVICII ADMINISTRATIVE ŞI ACTIVITĂŢI DE SERVICII SUPORT;77;Activităţi de închiriere şi leasing;773;Activităţi de închiriere şi leasing cu alte maşini, echipamente şi bunuri tangibile
7735;Activităţi de închiriere şi leasing cu echipamente de transport aerian;SECŢIUNEA O- ACTIVITĂŢI DE SERVICII ADMINISTRATIVE ŞI ACTIVITĂŢI DE SERVICII SUPORT;77;Activităţi de închiriere şi leasing;773;Activităţi de închiriere şi leasing cu alte maşini, echipamente şi bunuri tangibile
7739;Activităţi de închirierea şi leasing cu alte maşini, echipamente şi bunuri tangibile n.c.a.;SECŢIUNEA O- ACTIVITĂŢI DE SERVICII ADMINISTRATIVE ŞI ACTIVITĂŢI DE SERVICII SUPORT;77;Activităţi de închiriere şi leasing;773;Activităţi de închiriere şi leasing cu alte maşini, echipamente şi bunuri tangibile
7740;Leasing cu bunuri intangibile (cu excepția lucrărilor care fac obiectul drepturilor de autor);SECŢIUNEA O- ACTIVITĂŢI DE SERVICII ADMINISTRATIVE ŞI ACTIVITĂŢI DE SERVICII SUPORT;77;Activităţi de închiriere şi leasing;774;Leasing cu bunuri intangibile (cu excepția lucrărilor care fac obiectul drepturilor de autor)
7751;Servicii de intermediere pentru închirierea și leasingul autoturismelor, autorulotelor și remorcilor;SECŢIUNEA O- ACTIVITĂŢI DE SERVICII ADMINISTRATIVE ŞI ACTIVITĂŢI DE SERVICII SUPORT;77;Activităţi de închiriere şi leasing;775;Servicii de intermediere pentru închirierea și leasingul de bunuri corporale și bunuri intangibile (exceptând financiare)
7752;Servicii de intermediere pentru închirierea și leasingul altor bunuri corporale și bunuri intangibile (exceptând financiare);SECŢIUNEA O- ACTIVITĂŢI DE SERVICII ADMINISTRATIVE ŞI ACTIVITĂŢI DE SERVICII SUPORT;77;Activităţi de închiriere şi leasing;775;Servicii de intermediere pentru închirierea și leasingul de bunuri corporale și bunuri intangibile (exceptând financiare)
7810;Activităţi ale agenţiilor de plasare a forţei de muncă;SECŢIUNEA O- ACTIVITĂŢI DE SERVICII ADMINISTRATIVE ŞI ACTIVITĂŢI DE SERVICII SUPORT;78;Activităţi de servicii privind forţa de muncă;781;Activităţi ale agenţiilor de plasare a forţei de muncă
7820;Activități ale agențiilor de plasare temporară a forței de muncă și furnizarea altor resurse umane;SECŢIUNEA O- ACTIVITĂŢI DE SERVICII ADMINISTRATIVE ŞI ACTIVITĂŢI DE SERVICII SUPORT;78;Activităţi de servicii privind forţa de muncă;782;Activități ale agențiilor de plasare temporară a forței de muncă și furnizarea altor resurse umane
7911;Activităţi ale agenţiilor turistice;SECŢIUNEA O- ACTIVITĂŢI DE SERVICII ADMINISTRATIVE ŞI ACTIVITĂŢI DE SERVICII SUPORT;79;"Activităţi ale agenţiilor turistice şi a tur-operatorilor; alte servicii de rezervare şi asistenţă turistică";791;Activităţi ale agenţiilor turistice şi a tur-operatorilor
7912;Activităţi ale tur-operatorilor;SECŢIUNEA O- ACTIVITĂŢI DE SERVICII ADMINISTRATIVE ŞI ACTIVITĂŢI DE SERVICII SUPORT;79;"Activităţi ale agenţiilor turistice şi a tur-operatorilor; alte servicii de rezervare şi asistenţă turistică";791;Activităţi ale agenţiilor turistice şi a tur-operatorilor
7990;Alte servicii de rezervare şi asistenţă turistică;SECŢIUNEA O- ACTIVITĂŢI DE SERVICII ADMINISTRATIVE ŞI ACTIVITĂŢI DE SERVICII SUPORT;79;"Activităţi ale agenţiilor turistice şi a tur-operatorilor; alte servicii de rezervare şi asistenţă turistică";799;Alte servicii de rezervare şi asistenţă turistică
8001;Activități de investigații și servicii private de protecție;SECŢIUNEA O- ACTIVITĂŢI DE SERVICII ADMINISTRATIVE ŞI ACTIVITĂŢI DE SERVICII SUPORT;80;Activităţi de investigaţii şi protecţie;800;Activități de investigații și protecție
8009;Alte activități de protecție n.c.a.;SECŢIUNEA O- ACTIVITĂŢI DE SERVICII ADMINISTRATIVE ŞI ACTIVITĂŢI DE SERVICII SUPORT;80;Activităţi de investigaţii şi protecţie;800;Activități de investigații și protecție
8110;Activităţi de servicii suport combinate;SECŢIUNEA O- ACTIVITĂŢI DE SERVICII ADMINISTRATIVE ŞI ACTIVITĂŢI DE SERVICII SUPORT;81;Activităţi de peisagistică şi servicii pentru clădiri;811;Activităţi de servicii suport combinate
8121;Activităţi generale de curăţenie a clădirilor;SECŢIUNEA O- ACTIVITĂŢI DE SERVICII ADMINISTRATIVE ŞI ACTIVITĂŢI DE SERVICII SUPORT;81;Activităţi de peisagistică şi servicii pentru clădiri;812;Activităţi de curăţenie
8122;Activităţi specializate de curăţenie;SECŢIUNEA O- ACTIVITĂŢI DE SERVICII ADMINISTRATIVE ŞI ACTIVITĂŢI DE SERVICII SUPORT;81;Activităţi de peisagistică şi servicii pentru clădiri;812;Activităţi de curăţenie
8123;Alte activităţi de curăţenie;SECŢIUNEA O- ACTIVITĂŢI DE SERVICII ADMINISTRATIVE ŞI ACTIVITĂŢI DE SERVICII SUPORT;81;Activităţi de peisagistică şi servicii pentru clădiri;812;Activităţi de curăţenie
8130;Activităţi de înteţinere peisagistică;SECŢIUNEA O- ACTIVITĂŢI DE SERVICII ADMINISTRATIVE ŞI ACTIVITĂŢI DE SERVICII SUPORT;81;Activităţi de peisagistică şi servicii pentru clădiri;813;Activităţi de înteţinere peisagistică
8210;Activităţi de secretariat şi servicii suport;SECŢIUNEA O- ACTIVITĂŢI DE SERVICII ADMINISTRATIVE ŞI ACTIVITĂŢI DE SERVICII SUPORT;82;Activităţi de secretariat, servicii suport şi alte activităţi de servicii prestate în principal întreprinderilor;821;Activităţi de secretariat şi servicii suport
8220;Activităţi ale centrelor de intermediere telefonică (call center);SECŢIUNEA O- ACTIVITĂŢI DE SERVICII ADMINISTRATIVE ŞI ACTIVITĂŢI DE SERVICII SUPORT;82;Activităţi de secretariat, servicii suport şi alte activităţi de servicii prestate în principal întreprinderilor;822;Activităţi ale centrelor de intermediere telefonică (call center)
8230;Activităţi de organizare a expoziţiilor, târgurilor şi congreselor;SECŢIUNEA O- ACTIVITĂŢI DE SERVICII ADMINISTRATIVE ŞI ACTIVITĂŢI DE SERVICII SUPORT;82;Activităţi de secretariat, servicii suport şi alte activităţi de servicii prestate în principal întreprinderilor;823;Activităţi de organizare a expoziţiilor, târgurilor şi congreselor
8240;Activități de intermediere pentru servicii suport pentru întreprinderi n.c.a.;SECŢIUNEA O- ACTIVITĂŢI DE SERVICII ADMINISTRATIVE ŞI ACTIVITĂŢI DE SERVICII SUPORT;82;Activităţi de secretariat, servicii suport şi alte activităţi de servicii prestate în principal întreprinderilor;824;Activități de intermediere pentru servicii suport pentru întreprinderi n.c.a.
8291;Activităţi ale agenţiilor de colectare şi a birourilor (oficiilor) de raportare a creditului;SECŢIUNEA O- ACTIVITĂŢI DE SERVICII ADMINISTRATIVE ŞI ACTIVITĂŢI DE SERVICII SUPORT;82;Activităţi de secretariat, servicii suport şi alte activităţi de servicii prestate în principal întreprinderilor;829;Activităţi de servicii suport pentru întreprinderi n.c.a.
8292;Activităţi de ambalare;SECŢIUNEA O- ACTIVITĂŢI DE SERVICII ADMINISTRATIVE ŞI ACTIVITĂŢI DE SERVICII SUPORT;82;Activităţi de secretariat, servicii suport şi alte activităţi de servicii prestate în principal întreprinderilor;829;Activităţi de servicii suport pentru întreprinderi n.c.a.
8299;Alte activităţi de servicii suport pentru întreprinderi n.c.a.;SECŢIUNEA O- ACTIVITĂŢI DE SERVICII ADMINISTRATIVE ŞI ACTIVITĂŢI DE SERVICII SUPORT;82;Activităţi de secretariat, servicii suport şi alte activităţi de servicii prestate în principal întreprinderilor;829;Activităţi de servicii suport pentru întreprinderi n.c.a.
8411;Activități de administraţie publică generală;"SECŢIUNEA P -ADMINISTRAŢIE PUBLICĂ ŞI APĂRARE; ASIGURĂRI SOCIALE DIN SISTEMUL PUBLIC";84;"Administraţie publică şi apărare; asigurări sociale din sistemul public";841;Administraţie publică generală, economică şi socială
8412;Reglementarea activităţilor organismelor care prestează servicii în domeniul îngrijirii sănătăţii, învăţământului, culturii şi al altor activităţi sociale, exceptând protecţia socială;"SECŢIUNEA P -ADMINISTRAŢIE PUBLICĂ ŞI APĂRARE; ASIGURĂRI SOCIALE DIN SISTEMUL PUBLIC";84;"Administraţie publică şi apărare; asigurări sociale din sistemul public";841;Administraţie publică generală, economică şi socială
8413;Reglementarea şi eficientizarea activităţilor economice;"SECŢIUNEA P -ADMINISTRAŢIE PUBLICĂ ŞI APĂRARE; ASIGURĂRI SOCIALE DIN SISTEMUL PUBLIC";84;"Administraţie publică şi apărare; asigurări sociale din sistemul public";841;Administraţie publică generală, economică şi socială
8421;Activităţi de afaceri externe;"SECŢIUNEA P -ADMINISTRAŢIE PUBLICĂ ŞI APĂRARE; ASIGURĂRI SOCIALE DIN SISTEMUL PUBLIC";84;"Administraţie publică şi apărare; asigurări sociale din sistemul public";842;Activităţi de servicii pentru societate
8422;Activităţi de apărare naţională;"SECŢIUNEA P -ADMINISTRAŢIE PUBLICĂ ŞI APĂRARE; ASIGURĂRI SOCIALE DIN SISTEMUL PUBLIC";84;"Administraţie publică şi apărare; asigurări sociale din sistemul public";842;Activităţi de servicii pentru societate
8423;Activităţi de justiţie;"SECŢIUNEA P -ADMINISTRAŢIE PUBLICĂ ŞI APĂRARE; ASIGURĂRI SOCIALE DIN SISTEMUL PUBLIC";84;"Administraţie publică şi apărare; asigurări sociale din sistemul public";842;Activităţi de servicii pentru societate
8424;Activităţi de ordine publică şi de protecţie civilă;"SECŢIUNEA P -ADMINISTRAŢIE PUBLICĂ ŞI APĂRARE; ASIGURĂRI SOCIALE DIN SISTEMUL PUBLIC";84;"Administraţie publică şi apărare; asigurări sociale din sistemul public";842;Activităţi de servicii pentru societate
8425;Activităţi de luptă împotriva incendiilor şi de prevenire a acestora;"SECŢIUNEA P -ADMINISTRAŢIE PUBLICĂ ŞI APĂRARE; ASIGURĂRI SOCIALE DIN SISTEMUL PUBLIC";84;"Administraţie publică şi apărare; asigurări sociale din sistemul public";842;Activităţi de servicii pentru societate
8430;Activităţi de protecţie socială obligatorie;"SECŢIUNEA P -ADMINISTRAŢIE PUBLICĂ ŞI APĂRARE; ASIGURĂRI SOCIALE DIN SISTEMUL PUBLIC";84;"Administraţie publică şi apărare; asigurări sociale din sistemul public";843;Activităţi de protecţie socială obligatorie
8510;Învăţământ preşcolar;SECŢIUNEA Q - ÎNVĂŢĂMÂNT;85;Învăţământ;851;Învăţământ preşcolar
8520;Învăţământ primar;SECŢIUNEA Q - ÎNVĂŢĂMÂNT;85;Învăţământ;852;Învăţământ primar
8531;Învăţământ secundar general;SECŢIUNEA Q - ÎNVĂŢĂMÂNT;85;Învăţământ;853;Învăţământ secundar
8532;Învăţământ secundar, tehnic sau profesional;SECŢIUNEA Q - ÎNVĂŢĂMÂNT;85;Învăţământ;853;Învăţământ secundar
8533;Învăţământ post-secundar, non-universitar;SECŢIUNEA Q - ÎNVĂŢĂMÂNT;85;Învăţământ;853;Învăţământ secundar
8540;Învăţământ superior universitar;SECŢIUNEA Q - ÎNVĂŢĂMÂNT;85;Învăţământ;854;Învăţământ superior
8551;Învăţământ în domeniul sportiv şi recreaţional;SECŢIUNEA Q - ÎNVĂŢĂMÂNT;85;Învăţământ;855;Alte forme de învăţământ
8552;Învăţământ în domeniul cultural (muzică, teatru, dans, arte plastice, etc.);SECŢIUNEA Q - ÎNVĂŢĂMÂNT;85;Învăţământ;855;Alte forme de învăţământ
8553;Şcoli de conducere (pilotaj);SECŢIUNEA Q - ÎNVĂŢĂMÂNT;85;Învăţământ;855;Alte forme de învăţământ
8559;Alte forme de învăţământ n.c.a.;SECŢIUNEA Q - ÎNVĂŢĂMÂNT;85;Învăţământ;855;Alte forme de învăţământ
8561;Activități de intermediere pentru cursuri și tutori (îndrumători, profesori);SECŢIUNEA Q - ÎNVĂŢĂMÂNT;85;Învăţământ;856;Activităţi de servicii suport pentru învăţământ
8569;Activităţi de servicii suport pentru învăţământ;SECŢIUNEA Q - ÎNVĂŢĂMÂNT;85;Învăţământ;856;Activităţi de servicii suport pentru învăţământ
8610;Activităţi de asistenţă spitalicească;SECŢIUNEA R - SĂNĂTATE ŞI ASISTENŢĂ SOCIALĂ;86;Activităţi referitoare la sănătatea umană;861;Activităţi de asistenţă spitalicească
8621;Activităţi de asistenţă medicală generală;SECŢIUNEA R - SĂNĂTATE ŞI ASISTENŢĂ SOCIALĂ;86;Activităţi referitoare la sănătatea umană;862;Activităţi de asistenţă medicală ambulatorie şi stomatologică
8622;Activităţi de asistenţă medicală specializată;SECŢIUNEA R - SĂNĂTATE ŞI ASISTENŢĂ SOCIALĂ;86;Activităţi referitoare la sănătatea umană;862;Activităţi de asistenţă medicală ambulatorie şi stomatologică
8623;Activităţi de asistenţă stomatologică;SECŢIUNEA R - SĂNĂTATE ŞI ASISTENŢĂ SOCIALĂ;86;Activităţi referitoare la sănătatea umană;862;Activităţi de asistenţă medicală ambulatorie şi stomatologică
8691;Servicii de diagnostic imagistic și activități ale laboratoarelor medicale;SECŢIUNEA R - SĂNĂTATE ŞI ASISTENŢĂ SOCIALĂ;86;Activităţi referitoare la sănătatea umană;869;Alte activităţi referitoare la sănătatea umană
8692;Transportul pacienților cu ambulanța;SECŢIUNEA R - SĂNĂTATE ŞI ASISTENŢĂ SOCIALĂ;86;Activităţi referitoare la sănătatea umană;869;Alte activităţi referitoare la sănătatea umană
8693;Activități ale psihologilor și psihoterapeuților, cu excepția medicilor;SECŢIUNEA R - SĂNĂTATE ŞI ASISTENŢĂ SOCIALĂ;86;Activităţi referitoare la sănătatea umană;869;Alte activităţi referitoare la sănătatea umană
8694;Activități ale infirmierelor și moașelor;SECŢIUNEA R - SĂNĂTATE ŞI ASISTENŢĂ SOCIALĂ;86;Activităţi referitoare la sănătatea umană;869;Alte activităţi referitoare la sănătatea umană
8695;Activități de fizioterapie;SECŢIUNEA R - SĂNĂTATE ŞI ASISTENŢĂ SOCIALĂ;86;Activităţi referitoare la sănătatea umană;869;Alte activităţi referitoare la sănătatea umană
8696;Activități de medicină tradițională, complementară și alternativă;SECŢIUNEA R - SĂNĂTATE ŞI ASISTENŢĂ SOCIALĂ;86;Activităţi referitoare la sănătatea umană;869;Alte activităţi referitoare la sănătatea umană
8697;Servicii de intermediere pentru servicii medicale, stomatologice și pentru alte servicii referitoare la sănătatea umană;SECŢIUNEA R - SĂNĂTATE ŞI ASISTENŢĂ SOCIALĂ;86;Activităţi referitoare la sănătatea umană;869;Alte activităţi referitoare la sănătatea umană
8699;Alte activităţi referitoare la sănătatea umană n.c.a.;SECŢIUNEA R - SĂNĂTATE ŞI ASISTENŢĂ SOCIALĂ;86;Activităţi referitoare la sănătatea umană;869;Alte activităţi referitoare la sănătatea umană
8710;Activităţi ale centrelor de îngrijire medicală;SECŢIUNEA R - SĂNĂTATE ŞI ASISTENŢĂ SOCIALĂ;87;Servicii combinate de îngrijire medicală şi asistenţă socială, cu cazare;871;Activităţi ale centrelor de îngrijire medicală
8720;Activităţi ale centrelor de recuperare pshică şi de dezintoxicare, exclusiv spitale;SECŢIUNEA R - SĂNĂTATE ŞI ASISTENŢĂ SOCIALĂ;87;Servicii combinate de îngrijire medicală şi asistenţă socială, cu cazare;872;Activităţi ale centrelor de recuperare pshică şi de dezintoxicare, exclusiv spitale
8730;Activităţi ale căminelor de bătrâni şi ale căminelor pentru persoane cu dizabilități aflate în incapacitate de a se îngriji singure;SECŢIUNEA R - SĂNĂTATE ŞI ASISTENŢĂ SOCIALĂ;87;Servicii combinate de îngrijire medicală şi asistenţă socială, cu cazare;873;Activităţi ale căminelor de bătrâni şi ale căminelor pentru persoane cu dizabilități aflate în incapacitate de a se îngriji singure
8791;Activități de intermediere pentru servicii de îngrijire la domiciliu;SECŢIUNEA R - SĂNĂTATE ŞI ASISTENŢĂ SOCIALĂ;87;Servicii combinate de îngrijire medicală şi asistenţă socială, cu cazare;879;Alte activităţi de asistenţă socială, cu cazare
8799;Alte activităţi de asistenţă socială, cu cazare n.c.a.;SECŢIUNEA R - SĂNĂTATE ŞI ASISTENŢĂ SOCIALĂ;87;Servicii combinate de îngrijire medicală şi asistenţă socială, cu cazare;879;Alte activităţi de asistenţă socială, cu cazare
8810;Activităţi de asistenţă socială, fără cazare, pentru bătrâni şi pentru persoane cu dizabilități aflate în incapacitate de a se îngriji singure;SECŢIUNEA R - SĂNĂTATE ŞI ASISTENŢĂ SOCIALĂ;88;Activităţi de asistenţă socială, fără cazare;881;Activităţi de asistenţă socială, fără cazare, pentru bătrâni şi pentru persoane cu dizabilități aflate în incapacitate de a se îngriji singure
8891;Activităţi de îngrijire zilnică pentru copii;SECŢIUNEA R - SĂNĂTATE ŞI ASISTENŢĂ SOCIALĂ;88;Activităţi de asistenţă socială, fără cazare;889;Alte activităţi de asistenţă socială, fără cazare
8899;Alte activităţi de asistenţă socială, fără cazare, n.c.a.;SECŢIUNEA R - SĂNĂTATE ŞI ASISTENŢĂ SOCIALĂ;88;Activităţi de asistenţă socială, fără cazare;889;Alte activităţi de asistenţă socială, fără cazare
9011;Activități de creație literară și compoziție muzicală;SECŢIUNEA S - ACTIVITĂŢI DE SPECTACOLE, CULTURALE, SPORTIVE ŞI RECREATIVE;90;Activităţi de creaţie şi interpretare artistică;901;Activități de creație artistică
9012;Activități de creație în domeniul artelor vizuale;SECŢIUNEA S - ACTIVITĂŢI DE SPECTACOLE, CULTURALE, SPORTIVE ŞI RECREATIVE;90;Activităţi de creaţie şi interpretare artistică;901;Activități de creație artistică
9013;Alte activități de creație artistică;SECŢIUNEA S - ACTIVITĂŢI DE SPECTACOLE, CULTURALE, SPORTIVE ŞI RECREATIVE;90;Activităţi de creaţie şi interpretare artistică;901;Activități de creație artistică
9020;Activităţi de interpretare artistică (spectacole);SECŢIUNEA S - ACTIVITĂŢI DE SPECTACOLE, CULTURALE, SPORTIVE ŞI RECREATIVE;90;Activităţi de creaţie şi interpretare artistică;902;Activităţi de interpretare artistică (spectacole)
9031;Activităţi de gestionare a sălilor și amplasamentelor de spectacole;SECŢIUNEA S - ACTIVITĂŢI DE SPECTACOLE, CULTURALE, SPORTIVE ŞI RECREATIVE;90;Activităţi de creaţie şi interpretare artistică;903;Activităţi suport pentru creație și interpretare artistică
9039;Alte activităţi suport pentru creație și interpretare artistică;SECŢIUNEA S - ACTIVITĂŢI DE SPECTACOLE, CULTURALE, SPORTIVE ŞI RECREATIVE;90;Activităţi de creaţie şi interpretare artistică;903;Activităţi suport pentru creație și interpretare artistică
9111;Activităţi ale bibliotecilor;SECŢIUNEA S - ACTIVITĂŢI DE SPECTACOLE, CULTURALE, SPORTIVE ŞI RECREATIVE;91;Activităţi ale bibliotecilor, arhivelor, muzeelor şi alte activităţi culturale;911;Activităţi ale bibliotecilor și arhivelor
9112;Activităţi ale arhivelor;SECŢIUNEA S - ACTIVITĂŢI DE SPECTACOLE, CULTURALE, SPORTIVE ŞI RECREATIVE;91;Activităţi ale bibliotecilor, arhivelor, muzeelor şi alte activităţi culturale;911;Activităţi ale bibliotecilor și arhivelor
9121;Activități ale muzeelor și colecțiilor;SECŢIUNEA S - ACTIVITĂŢI DE SPECTACOLE, CULTURALE, SPORTIVE ŞI RECREATIVE;91;Activităţi ale bibliotecilor, arhivelor, muzeelor şi alte activităţi culturale;912;Activități ale muzeelor, colecțiilor, siturilor și monumentelor istorice
9122;Activități ale siturilor și monumentelor istorice;SECŢIUNEA S - ACTIVITĂŢI DE SPECTACOLE, CULTURALE, SPORTIVE ŞI RECREATIVE;91;Activităţi ale bibliotecilor, arhivelor, muzeelor şi alte activităţi culturale;912;Activități ale muzeelor, colecțiilor, siturilor și monumentelor istorice
9130;Activități de conservare, restaurare și alte activități suport pentru patrimoniul cultural;SECŢIUNEA S - ACTIVITĂŢI DE SPECTACOLE, CULTURALE, SPORTIVE ŞI RECREATIVE;91;Activităţi ale bibliotecilor, arhivelor, muzeelor şi alte activităţi culturale;913;Activități de conservare, restaurare și alte activități suport pentru patrimoniul cultural
9141;Activităţi ale grădinilor botanice și zoologice;SECŢIUNEA S - ACTIVITĂŢI DE SPECTACOLE, CULTURALE, SPORTIVE ŞI RECREATIVE;91;Activităţi ale bibliotecilor, arhivelor, muzeelor şi alte activităţi culturale;914;Activităţi ale grădinilor botanice, zoologice şi ale rezervaţiilor naturale
9142;Activităţi ale rezervaţiilor naturale;SECŢIUNEA S - ACTIVITĂŢI DE SPECTACOLE, CULTURALE, SPORTIVE ŞI RECREATIVE;91;Activităţi ale bibliotecilor, arhivelor, muzeelor şi alte activităţi culturale;914;Activităţi ale grădinilor botanice, zoologice şi ale rezervaţiilor naturale
9200;Activităţi de jocuri de noroc şi pariuri;SECŢIUNEA S - ACTIVITĂŢI DE SPECTACOLE, CULTURALE, SPORTIVE ŞI RECREATIVE;92;Activităţi de jocuri de noroc şi pariuri;920;Activităţi de jocuri de noroc şi pariuri
9311;Activităţi ale bazelor sportive;SECŢIUNEA S - ACTIVITĂŢI DE SPECTACOLE, CULTURALE, SPORTIVE ŞI RECREATIVE;93;Activităţi spotive, recreative şi distractive;931;Activităţi sportive
9312;Activităţi ale cluburilor sportive;SECŢIUNEA S - ACTIVITĂŢI DE SPECTACOLE, CULTURALE, SPORTIVE ŞI RECREATIVE;93;Activităţi spotive, recreative şi distractive;931;Activităţi sportive
9313;Activităţi ale centrelor de fitness;SECŢIUNEA S - ACTIVITĂŢI DE SPECTACOLE, CULTURALE, SPORTIVE ŞI RECREATIVE;93;Activităţi spotive, recreative şi distractive;931;Activităţi sportive
9319;Alte activităţi sportive n.c.a;SECŢIUNEA S - ACTIVITĂŢI DE SPECTACOLE, CULTURALE, SPORTIVE ŞI RECREATIVE;93;Activităţi spotive, recreative şi distractive;931;Activităţi sportive
9321;Activități ale parcurilor tematice și de distracţii;SECŢIUNEA S - ACTIVITĂŢI DE SPECTACOLE, CULTURALE, SPORTIVE ŞI RECREATIVE;93;Activităţi spotive, recreative şi distractive;932;Alte activităţi recreative şi distractive
9329;Alte activităţi recreative şi distractive n.c.a.;SECŢIUNEA S - ACTIVITĂŢI DE SPECTACOLE, CULTURALE, SPORTIVE ŞI RECREATIVE;93;Activităţi spotive, recreative şi distractive;932;Alte activităţi recreative şi distractive
9411;Activităţi ale organizaţiilor economice şi patronale;SECŢIUNEA T - ALTE ACTIVITĂŢI DE SERVICII;94;Activităţi asociative diverse;941;Activităţi ale organizaţiilor economice, patronale şi profesionale
9412;Activităţi ale organizaţiilor profesionale;SECŢIUNEA T - ALTE ACTIVITĂŢI DE SERVICII;94;Activităţi asociative diverse;941;Activităţi ale organizaţiilor economice, patronale şi profesionale
9420;Activităţi ale sindicatelor salariaţilor;SECŢIUNEA T - ALTE ACTIVITĂŢI DE SERVICII;94;Activităţi asociative diverse;942;Activităţi ale sindicatelor salariaţilor
9491;Activităţi ale organizaţiilor religioase;SECŢIUNEA T - ALTE ACTIVITĂŢI DE SERVICII;94;Activităţi asociative diverse;949;Alte activităţi asociative
9492;Activităţi ale organizaţiilor politice;SECŢIUNEA T - ALTE ACTIVITĂŢI DE SERVICII;94;Activităţi asociative diverse;949;Alte activităţi asociative
9499;Activităţi ale altor organizaţii n.c.a.;SECŢIUNEA T - ALTE ACTIVITĂŢI DE SERVICII;94;Activităţi asociative diverse;949;Alte activităţi asociative
9510;Repararea și întreținerea calculatoarelor şi a echipamentelor de comunicaţii;SECŢIUNEA T - ALTE ACTIVITĂŢI DE SERVICII;95;Repararea și întreținerea calculatoarelor, a articolelor personale și de uz gospodăresc, a autovehiculelor și motocicletelor;951;Repararea și întreținerea calculatoarelor şi a echipamentelor de comunicaţii
9521;Repararea și întreținerea aparatelor electronice de uz casnic;SECŢIUNEA T - ALTE ACTIVITĂŢI DE SERVICII;95;Repararea și întreținerea calculatoarelor, a articolelor personale și de uz gospodăresc, a autovehiculelor și motocicletelor;952;Repararea și întreținerea articolelor personale şi de uz gospodăresc
9522;Repararea și întreținerea dispozitivelor de uz gospodăresc şi a echipamentelor pentru casă şi grădină;SECŢIUNEA T - ALTE ACTIVITĂŢI DE SERVICII;95;Repararea și întreținerea calculatoarelor, a articolelor personale și de uz gospodăresc, a autovehiculelor și motocicletelor;952;Repararea și întreținerea articolelor personale şi de uz gospodăresc
9523;Repararea și întreținerea încălţămintei şi a articolelor din piele;SECŢIUNEA T - ALTE ACTIVITĂŢI DE SERVICII;95;Repararea și întreținerea calculatoarelor, a articolelor personale și de uz gospodăresc, a autovehiculelor și motocicletelor;952;Repararea și întreținerea articolelor personale şi de uz gospodăresc
9524;Repararea și întreținerea mobilei şi a furniturilor casnice;SECŢIUNEA T - ALTE ACTIVITĂŢI DE SERVICII;95;Repararea și întreținerea calculatoarelor, a articolelor personale și de uz gospodăresc, a autovehiculelor și motocicletelor;952;Repararea și întreținerea articolelor personale şi de uz gospodăresc
9525;Repararea și întreținerea ceasurilor şi a bijuteriilor;SECŢIUNEA T - ALTE ACTIVITĂŢI DE SERVICII;95;Repararea și întreținerea calculatoarelor, a articolelor personale și de uz gospodăresc, a autovehiculelor și motocicletelor;952;Repararea și întreținerea articolelor personale şi de uz gospodăresc
9529;Repararea și întreținerea articolelor de uz personal şi gospodăresc n.c.a.;SECŢIUNEA T - ALTE ACTIVITĂŢI DE SERVICII;95;Repararea și întreținerea calculatoarelor, a articolelor personale și de uz gospodăresc, a autovehiculelor și motocicletelor;952;Repararea și întreținerea articolelor personale şi de uz gospodăresc
9531;Repararea și întreținerea autovehiculelor;SECŢIUNEA T - ALTE ACTIVITĂŢI DE SERVICII;95;Repararea și întreținerea calculatoarelor, a articolelor personale și de uz gospodăresc, a autovehiculelor și motocicletelor;953;Repararea și întreținerea autovehiculelor și motocicletelor
9532;Repararea și întreținerea motocicletelor;SECŢIUNEA T - ALTE ACTIVITĂŢI DE SERVICII;95;Repararea și întreținerea calculatoarelor, a articolelor personale și de uz gospodăresc, a autovehiculelor și motocicletelor;953;Repararea și întreținerea autovehiculelor și motocicletelor
9540;Servicii de intermediere pentru repararea și întreținerea calculatoarelor, a articolelor personale și de uz gospodăresc, a autovehiculelor și motocicletelor;SECŢIUNEA T - ALTE ACTIVITĂŢI DE SERVICII;95;Repararea și întreținerea calculatoarelor, a articolelor personale și de uz gospodăresc, a autovehiculelor și motocicletelor;954;Servicii de intermediere pentru repararea și întreținerea calculatoarelor, a articolelor personale și de uz gospodăresc, a autovehiculelor și motocicletelor
9610;Spălarea şi curăţarea articolelor textile şi a produselor din blană;SECŢIUNEA T - ALTE ACTIVITĂŢI DE SERVICII;96;Alte activităţi de servicii;961;Spălarea şi curăţarea articolelor textile şi a produselor din blană
9621;Activități de coafură şi frizerie;SECŢIUNEA T - ALTE ACTIVITĂŢI DE SERVICII;96;Alte activităţi de servicii;962;Coafură, activităţi de înfrumuseţare, tratamente spa și alte activități similare
9622;Activități de tratament și înfrumusețare;SECŢIUNEA T - ALTE ACTIVITĂŢI DE SERVICII;96;Alte activităţi de servicii;962;Coafură, activităţi de înfrumuseţare, tratamente spa și alte activități similare
9623;Activități ale centrelor spa, saunelor și bailor de abur;SECŢIUNEA T - ALTE ACTIVITĂŢI DE SERVICII;96;Alte activităţi de servicii;962;Coafură, activităţi de înfrumuseţare, tratamente spa și alte activități similare
9630;Activităţi de pompe funebre şi similare;SECŢIUNEA T - ALTE ACTIVITĂŢI DE SERVICII;96;Alte activităţi de servicii;963;Activităţi de pompe funebre şi similare
9640;Activități de intermediere pentru servicii personale;SECŢIUNEA T - ALTE ACTIVITĂŢI DE SERVICII;96;Alte activităţi de servicii;964;Activități de intermediere pentru servicii personale
9691;Activități de servicii personale la domiciliu;SECŢIUNEA T - ALTE ACTIVITĂŢI DE SERVICII;96;Alte activităţi de servicii;969;Alte servicii personale
9699;Alte servicii personale n.c.a.;SECŢIUNEA T - ALTE ACTIVITĂŢI DE SERVICII;96;Alte activităţi de servicii;969;Alte servicii personale
9700;Activităţi ale gospodăriilor private în calitate de angajator de personal casnic;"SECŢIUNEA U – ACTIVITĂŢI ALE GOSPODĂRIILOR PRIVATE ÎN CALITATE DE ANGAJATOR DE PERSONAL CASNIC; ACTIVITĂŢI ALE GOSPODĂRIILOR PRIVATE DE PRODUCERE DE BUNURI ŞI SERVICII DESTINATE CONSUMULUI PROPRIU";97;Activităţi ale gospodăriilor private în calitate de angajator de personal casnic;970;Activităţi ale gospodăriilor private în calitate de angajator de personal casnic
9810;Activităţi ale gospodăriilor private de producere de bunuri destinate consumului propriu;"SECŢIUNEA U – ACTIVITĂŢI ALE GOSPODĂRIILOR PRIVATE ÎN CALITATE DE ANGAJATOR DE PERSONAL CASNIC; ACTIVITĂŢI ALE GOSPODĂRIILOR PRIVATE DE PRODUCERE DE BUNURI ŞI SERVICII DESTINATE CONSUMULUI PROPRIU";98;Activităţi ale gospodăriilor private de producere de bunuri şi servicii destinate consumului propriu;981;Activităţi ale gospodăriilor private de producere de bunuri destinate consumului propriu
9820;Activităţi ale gospodăriilor private de producere de servicii pentru scopuri proprii;"SECŢIUNEA U – ACTIVITĂŢI ALE GOSPODĂRIILOR PRIVATE ÎN CALITATE DE ANGAJATOR DE PERSONAL CASNIC; ACTIVITĂŢI ALE GOSPODĂRIILOR PRIVATE DE PRODUCERE DE BUNURI ŞI SERVICII DESTINATE CONSUMULUI PROPRIU";98;Activităţi ale gospodăriilor private de producere de bunuri şi servicii destinate consumului propriu;982;Activităţi ale gospodăriilor private de producere de servicii pentru scopuri proprii
9900;Activităţi ale organizaţiilor şi organismelor extrateritoriale;SECŢIUNEA V - ACTIVITĂŢI ALE ORGANIZAŢIILOR ŞI ORGANISMELOR EXTRATERITORIALE;99;Activităţi ale organizaţiilor şi organismelor extrateritoriale;990;Activităţi ale organizaţiilor şi organismelor extrateritoriale
